timestamp,vehicle_type,color,plate,plate_valid_len,is_indian,series,image_path
2025-11-14 16:45:36,bus,orange,---,False,False,---,uploads\vehicles\veh_33e5c4b9.jpg
2025-11-14 16:45:37,bus,black,PASUI,False,False,---,uploads\vehicles\veh_cce18a86.jpg
2025-11-14 16:45:38,truck,black,TAJJ,False,False,---,uploads\vehicles\veh_113c400a.jpg
2025-11-14 16:45:39,bus,black,P35U70,False,False,---,uploads\vehicles\veh_148ca4ee.jpg
2025-11-14 16:45:40,bus,green,4P33U70,False,False,---,uploads\vehicles\veh_66944357.jpg
2025-11-14 16:45:41,truck,green,---,False,False,---,uploads\vehicles\veh_0308f26a.jpg
2025-11-14 16:45:42,bus,green,---,False,False,---,uploads\vehicles\veh_4ddbc2cb.jpg
2025-11-14 16:45:42,bus,green,---,False,False,---,uploads\vehicles\veh_fd81005a.jpg
2025-11-14 16:45:43,vehicle,green,---,False,False,---,uploads\vehicles\veh_59457d27.jpg
2025-11-14 16:45:43,truck,purple,---,False,False,---,uploads\vehicles\veh_01b86f2b.jpg
2025-11-14 16:45:44,truck,green,---,False,False,---,uploads\vehicles\veh_0e2dc325.jpg
2025-11-14 16:45:44,motorcycle,white,0026,False,False,---,uploads\vehicles\veh_c5c46a25.jpg
2025-11-14 16:45:45,motorcycle,white,---,False,False,---,uploads\vehicles\veh_934aafbb.jpg
2025-11-14 16:45:46,truck,green,---,False,False,---,uploads\vehicles\veh_7c3943db.jpg
2025-11-14 16:45:46,vehicle,green,---,False,False,---,uploads\vehicles\veh_2521b0dc.jpg
2025-11-14 16:45:46,motorcycle,blue,---,False,False,---,uploads\vehicles\veh_672961ee.jpg
2025-11-14 16:45:48,bus,green,050989,False,False,---,uploads\vehicles\veh_521549d3.jpg
2025-11-14 16:45:48,vehicle,blue,---,False,False,---,uploads\vehicles\veh_2ca02bd8.jpg
2025-11-14 16:45:48,vehicle,yellow,---,False,False,---,uploads\vehicles\veh_b51f4bc5.jpg
2025-11-14 16:45:49,motorcycle,green,---,False,False,---,uploads\vehicles\veh_53ac50bf.jpg
2025-11-14 16:45:49,car,white,0909,False,False,---,uploads\vehicles\veh_ca4d7ddd.jpg
2025-11-14 16:45:49,truck,green,---,False,False,---,uploads\vehicles\veh_397c9659.jpg
2025-11-14 16:45:50,truck,green,---,False,False,---,uploads\vehicles\veh_5db74968.jpg
2025-11-14 16:45:51,vehicle,blue,---,False,False,---,uploads\vehicles\veh_09746fb2.jpg
2025-11-14 16:45:51,vehicle,black,---,False,False,---,uploads\vehicles\veh_2fcbf78a.jpg
2025-11-14 16:45:51,motorcycle,purple,---,False,False,---,uploads\vehicles\veh_023aa21b.jpg
2025-11-14 16:45:52,car,white,AP3S09819,False,False,---,uploads\vehicles\veh_72988eab.jpg
2025-11-14 16:45:52,car,blue,---,False,False,---,uploads\vehicles\veh_3fbf39ac.jpg
2025-11-14 16:45:53,vehicle,black,---,False,False,---,uploads\vehicles\veh_f81955ac.jpg
2025-11-14 16:45:53,vehicle,green,---,False,False,---,uploads\vehicles\veh_d8c5f473.jpg
2025-11-14 16:45:54,motorcycle,purple,---,False,False,---,uploads\vehicles\veh_52428f1b.jpg
2025-11-14 16:45:55,car,white,AP35P9019,False,False,---,uploads\vehicles\veh_c9769fbd.jpg
2025-11-14 16:45:55,car,blue,J64,False,False,---,uploads\vehicles\veh_9dab3c43.jpg
2025-11-14 16:45:56,vehicle,blue,---,False,False,---,uploads\vehicles\veh_3a204c34.jpg
2025-11-14 16:45:56,vehicle,green,---,False,False,---,uploads\vehicles\veh_4a326cb5.jpg
2025-11-14 16:45:56,motorcycle,green,---,False,False,---,uploads\vehicles\veh_653abd20.jpg
2025-11-14 16:45:57,bus,green,4P2200226,False,False,---,uploads\vehicles\veh_eb8f0700.jpg
2025-11-14 16:45:58,vehicle,green,---,False,False,---,uploads\vehicles\veh_25b93cbd.jpg
2025-11-14 16:45:58,vehicle,blue,---,False,False,---,uploads\vehicles\veh_a7b0c9f8.jpg
2025-11-14 16:45:58,truck,black,---,False,False,---,uploads\vehicles\veh_ad55270d.jpg
2025-11-14 16:45:59,vehicle,white,---,False,False,---,uploads\vehicles\veh_929cda6a.jpg
2025-11-14 16:45:59,car,white,---,False,False,---,uploads\vehicles\veh_46f2f5ad.jpg
2025-11-14 16:46:00,vehicle,black,---,False,False,---,uploads\vehicles\veh_4da43079.jpg
2025-11-14 16:46:00,car,white,J4DO,False,False,---,uploads\vehicles\veh_6750e7f0.jpg
2025-11-14 16:46:00,vehicle,blue,---,False,False,---,uploads\vehicles\veh_dece3f4c.jpg
2025-11-14 16:46:01,truck,green,---,False,False,---,uploads\vehicles\veh_50705405.jpg
2025-11-14 16:46:01,vehicle,green,---,False,False,---,uploads\vehicles\veh_cc3670ac.jpg
2025-11-14 16:46:02,car,white,ROJ84,False,False,---,uploads\vehicles\veh_8c31f7e3.jpg
2025-11-14 16:46:03,truck,green,0589819,False,False,---,uploads\vehicles\veh_6845b774.jpg
2025-11-14 16:46:03,motorcycle,blue,---,False,False,---,uploads\vehicles\veh_1a540406.jpg
2025-11-14 16:46:04,vehicle,green,---,False,False,---,uploads\vehicles\veh_9bca8a00.jpg
2025-11-14 16:46:04,car,white,UODJ4,False,False,---,uploads\vehicles\veh_e9c6dd1d.jpg
2025-11-14 16:46:05,truck,green,---,False,False,---,uploads\vehicles\veh_3b94898b.jpg
2025-11-14 16:46:05,motorcycle,black,---,False,False,---,uploads\vehicles\veh_f32c9c0f.jpg
2025-11-14 16:46:06,motorcycle,black,---,False,False,---,uploads\vehicles\veh_50829d21.jpg
2025-11-14 16:46:06,vehicle,blue,---,False,False,---,uploads\vehicles\veh_c9e83b31.jpg
2025-11-14 16:46:07,car,white,YKO34,False,False,---,uploads\vehicles\veh_2fb8ee7d.jpg
2025-11-14 16:46:07,truck,blue,---,False,False,---,uploads\vehicles\veh_3185302d.jpg
2025-11-14 16:46:08,motorcycle,purple,---,False,False,---,uploads\vehicles\veh_edb249d4.jpg
2025-11-14 16:46:08,motorcycle,blue,---,False,False,---,uploads\vehicles\veh_cd0894d4.jpg
2025-11-14 16:46:09,car,white,APJI,False,False,---,uploads\vehicles\veh_debd0127.jpg
2025-11-14 16:46:09,vehicle,blue,---,False,False,---,uploads\vehicles\veh_bb7531c4.jpg
2025-11-14 16:46:10,car,white,HU384,False,False,---,uploads\vehicles\veh_730fc01d.jpg
2025-11-14 16:46:10,truck,green,---,False,False,---,uploads\vehicles\veh_f0f2a8d1.jpg
2025-11-14 16:46:11,motorcycle,purple,---,False,False,---,uploads\vehicles\veh_fcc15e41.jpg
2025-11-14 16:46:11,car,white,---,False,False,---,uploads\vehicles\veh_d9a903f6.jpg
2025-11-14 16:46:12,car,blue,---,False,False,---,uploads\vehicles\veh_b5c428be.jpg
2025-11-14 16:46:12,vehicle,blue,---,False,False,---,uploads\vehicles\veh_7cfcfa2a.jpg
2025-11-14 16:46:13,car,blue,MOJ884,False,False,---,uploads\vehicles\veh_085b2ff1.jpg
2025-11-14 16:46:13,truck,green,---,False,False,---,uploads\vehicles\veh_6ba8be7c.jpg
2025-11-14 16:46:14,motorcycle,green,---,False,False,---,uploads\vehicles\veh_784d8938.jpg
2025-11-14 16:46:14,car,white,---,False,False,---,uploads\vehicles\veh_ab96b80b.jpg
2025-11-14 16:46:14,car,blue,---,False,False,---,uploads\vehicles\veh_761af947.jpg
2025-11-14 16:46:15,car,white,---,False,False,---,uploads\vehicles\veh_f603d620.jpg
2025-11-14 16:46:16,vehicle,blue,---,False,False,---,uploads\vehicles\veh_2e4e5e67.jpg
2025-11-14 16:46:16,car,white,JO33341,False,False,---,uploads\vehicles\veh_88c8b626.jpg
2025-11-14 16:46:17,truck,green,---,False,False,---,uploads\vehicles\veh_d007918d.jpg
2025-11-14 16:46:17,motorcycle,orange,---,False,False,---,uploads\vehicles\veh_310f415e.jpg
2025-11-14 16:46:17,car,white,---,False,False,---,uploads\vehicles\veh_54ea95c3.jpg
2025-11-14 16:46:18,car,blue,---,False,False,---,uploads\vehicles\veh_9d4b7241.jpg
2025-11-14 16:46:19,vehicle,blue,---,False,False,---,uploads\vehicles\veh_a4bd69e5.jpg
2025-11-14 16:46:19,car,white,JO3334,False,False,---,uploads\vehicles\veh_08be5b35.jpg
2025-11-14 16:46:20,motorcycle,red,---,False,False,---,uploads\vehicles\veh_778a8c62.jpg
2025-11-14 16:46:20,car,blue,---,False,False,---,uploads\vehicles\veh_41467184.jpg
2025-11-14 16:46:21,car,white,---,False,False,---,uploads\vehicles\veh_e4c416ea.jpg
2025-11-14 16:46:21,vehicle,black,---,False,False,---,uploads\vehicles\veh_1c2c645e.jpg
2025-11-14 16:46:22,car,white,JIA3334,False,False,---,uploads\vehicles\veh_380bf27a.jpg
2025-11-14 16:46:22,motorcycle,black,---,False,False,---,uploads\vehicles\veh_61a97c6a.jpg
2025-11-14 16:46:23,car,green,---,False,False,---,uploads\vehicles\veh_df1ea718.jpg
2025-11-14 16:46:24,motorcycle,black,---,False,False,---,uploads\vehicles\veh_9039a850.jpg
2025-11-14 16:46:24,car,green,NJIO3334,False,False,---,uploads\vehicles\veh_809b8523.jpg
2025-11-14 16:46:25,motorcycle,black,---,False,False,---,uploads\vehicles\veh_48f741dc.jpg
2025-11-14 16:46:25,bus,green,---,False,False,---,uploads\vehicles\veh_ee0fbcd0.jpg
2025-11-14 16:46:26,motorcycle,black,---,False,False,---,uploads\vehicles\veh_387eda23.jpg
2025-11-14 16:46:27,car,white,MJIO3334,False,False,---,uploads\vehicles\veh_73596b68.jpg
2025-11-14 16:46:27,bus,white,---,False,False,---,uploads\vehicles\veh_35fea159.jpg
2025-11-14 16:46:28,car,green,---,False,False,---,uploads\vehicles\veh_66a64e2e.jpg
2025-11-14 16:46:28,motorcycle,black,---,False,False,---,uploads\vehicles\veh_2c716d45.jpg
2025-11-14 16:46:29,car,white,NPJICP3334,True,False,---,uploads\vehicles\veh_15ea3a37.jpg
2025-11-14 16:46:30,car,white,AP3TAASS,False,False,---,uploads\vehicles\veh_d532ba01.jpg
2025-11-14 16:46:31,car,white,NJIT3334,False,False,---,uploads\vehicles\veh_efcc7f7f.jpg
2025-11-14 16:46:32,car,white,4P3I94453,False,False,---,uploads\vehicles\veh_9599b2dd.jpg
2025-11-14 16:46:33,car,green,APJO3334,False,False,---,uploads\vehicles\veh_b617a8f4.jpg
2025-11-14 16:46:34,car,white,APJTAL55,False,False,---,uploads\vehicles\veh_13b5a0a4.jpg
2025-11-14 16:46:34,truck,white,AP3TL55,False,False,---,uploads\vehicles\veh_bf5125a3.jpg
2025-11-14 16:46:35,car,green,NPJIO3334,False,False,---,uploads\vehicles\veh_19b5d10f.jpg
2025-11-14 16:46:36,car,white,P3TELSS,False,False,---,uploads\vehicles\veh_f462ae03.jpg
2025-11-14 16:46:36,car,orange,---,False,False,---,uploads\vehicles\veh_9766e203.jpg
2025-11-14 16:46:37,car,blue,---,False,False,---,uploads\vehicles\veh_9359e9f7.jpg
2025-11-14 16:46:38,car,white,APJIOP3384,True,False,---,uploads\vehicles\veh_86c45b4d.jpg
2025-11-14 16:46:38,truck,green,---,False,False,---,uploads\vehicles\veh_58717824.jpg
2025-11-14 16:46:38,car,white,---,False,False,---,uploads\vehicles\veh_def8f3d4.jpg
2025-11-14 16:46:39,car,white,3334,False,False,---,uploads\vehicles\veh_40682343.jpg
2025-11-14 16:46:40,car,blue,---,False,False,---,uploads\vehicles\veh_d9ae1a44.jpg
2025-11-14 16:46:41,car,blue,AP39007,False,False,---,uploads\vehicles\veh_17a8e24a.jpg
2025-11-14 16:46:41,vehicle,white,---,False,False,---,uploads\vehicles\veh_0f43b937.jpg
2025-11-14 16:46:42,car,blue,4P39007364,True,False,---,uploads\vehicles\veh_057d157a.jpg
2025-11-14 16:46:42,car,white,---,False,False,---,uploads\vehicles\veh_c34f09e2.jpg
2025-11-14 16:46:42,car,white,---,False,False,---,uploads\vehicles\veh_19b9ca3b.jpg
2025-11-14 16:46:43,car,orange,---,False,False,---,uploads\vehicles\veh_a54649d0.jpg
2025-11-14 16:46:44,car,blue,AP3641,False,False,---,uploads\vehicles\veh_67b81eca.jpg
2025-11-14 16:46:44,car,white,---,False,False,---,uploads\vehicles\veh_2dabf891.jpg
2025-11-14 16:46:45,car,white,MKUCN,False,False,---,uploads\vehicles\veh_2fff24bb.jpg
2025-11-14 16:46:45,car,green,---,False,False,---,uploads\vehicles\veh_03357792.jpg
2025-11-14 16:46:46,car,orange,---,False,False,---,uploads\vehicles\veh_76d9f073.jpg
2025-11-14 16:46:46,car,blue,---,False,False,---,uploads\vehicles\veh_b2ca2082.jpg
2025-11-14 16:46:47,car,white,---,False,False,---,uploads\vehicles\veh_f1c15975.jpg
2025-11-14 16:46:47,car,white,---,False,False,---,uploads\vehicles\veh_5e6d0946.jpg
2025-11-14 16:46:47,truck,green,---,False,False,---,uploads\vehicles\veh_a661ddd1.jpg
2025-11-14 16:46:48,vehicle,green,---,False,False,---,uploads\vehicles\veh_0798f748.jpg
2025-11-14 16:46:49,car,blue,4P39002364,True,False,---,uploads\vehicles\veh_976a7526.jpg
2025-11-14 16:46:49,car,blue,---,False,False,---,uploads\vehicles\veh_59be7da2.jpg
2025-11-14 16:46:50,car,white,4EHC,False,False,---,uploads\vehicles\veh_ea8c98eb.jpg
2025-11-14 16:46:51,truck,blue,4P39002364,True,False,---,uploads\vehicles\veh_1c25fcf8.jpg
2025-11-14 16:46:51,car,blue,---,False,False,---,uploads\vehicles\veh_ff519e84.jpg
2025-11-14 16:46:52,car,white,---,False,False,---,uploads\vehicles\veh_5d1ff1ec.jpg
2025-11-14 16:46:52,vehicle,purple,---,False,False,---,uploads\vehicles\veh_1fa15f14.jpg
2025-11-14 16:46:53,car,blue,4P39002364,True,False,---,uploads\vehicles\veh_f606a8ec.jpg
2025-11-14 16:46:54,car,blue,AP39007364,True,False,---,uploads\vehicles\veh_f3b0caee.jpg
2025-11-14 16:46:54,vehicle,blue,---,False,False,---,uploads\vehicles\veh_55861e56.jpg
2025-11-14 16:46:54,motorcycle,green,---,False,False,---,uploads\vehicles\veh_fb4ebaf7.jpg
2025-11-14 16:46:55,motorcycle,green,---,False,False,---,uploads\vehicles\veh_16dc001b.jpg
2025-11-14 16:46:55,vehicle,white,---,False,False,---,uploads\vehicles\veh_28d2fc59.jpg
2025-11-14 16:46:56,car,blue,AP39007264,True,False,---,uploads\vehicles\veh_7d1c2c84.jpg
2025-11-14 16:46:57,vehicle,purple,---,False,False,---,uploads\vehicles\veh_3aca53cd.jpg
2025-11-14 16:46:57,motorcycle,green,---,False,False,---,uploads\vehicles\veh_16cabaed.jpg
2025-11-14 16:46:57,vehicle,white,---,False,False,---,uploads\vehicles\veh_ebf76b82.jpg
2025-11-14 16:46:58,car,white,---,False,False,---,uploads\vehicles\veh_cc774bd0.jpg
2025-11-14 16:46:59,car,blue,AP39007364,True,False,---,uploads\vehicles\veh_450011a8.jpg
2025-11-14 16:46:59,vehicle,purple,---,False,False,---,uploads\vehicles\veh_6c515a33.jpg
2025-11-14 16:46:59,motorcycle,green,---,False,False,---,uploads\vehicles\veh_c4d265b2.jpg
2025-11-14 16:47:00,vehicle,white,---,False,False,---,uploads\vehicles\veh_a4b4ad48.jpg
2025-11-14 16:47:00,car,white,---,False,False,---,uploads\vehicles\veh_2429a42b.jpg
2025-11-14 16:47:01,car,blue,AP39007364,True,False,---,uploads\vehicles\veh_387db799.jpg
2025-11-14 16:47:01,vehicle,black,---,False,False,---,uploads\vehicles\veh_b56a31eb.jpg
2025-11-14 16:47:02,motorcycle,green,---,False,False,---,uploads\vehicles\veh_53794adb.jpg
2025-11-14 16:47:02,vehicle,white,---,False,False,---,uploads\vehicles\veh_cc23224f.jpg
2025-11-14 16:47:03,car,blue,AP39007364,True,False,---,uploads\vehicles\veh_f02d6f44.jpg
2025-11-14 16:47:04,vehicle,green,---,False,False,---,uploads\vehicles\veh_9455ce08.jpg
2025-11-14 16:47:04,motorcycle,white,---,False,False,---,uploads\vehicles\veh_54e08d9c.jpg
2025-11-14 16:47:04,vehicle,white,---,False,False,---,uploads\vehicles\veh_e55b7aa8.jpg
2025-11-14 16:47:05,vehicle,white,---,False,False,---,uploads\vehicles\veh_79f3aa86.jpg
2025-11-14 16:47:06,car,blue,AP39007364,True,False,---,uploads\vehicles\veh_5eb3eeba.jpg
2025-11-14 16:47:06,vehicle,green,---,False,False,---,uploads\vehicles\veh_77dc7faf.jpg
2025-11-14 16:47:06,car,green,---,False,False,---,uploads\vehicles\veh_79e974b3.jpg
2025-11-14 16:47:07,vehicle,white,---,False,False,---,uploads\vehicles\veh_d9b23e5c.jpg
2025-11-14 16:47:07,vehicle,white,LEC,False,False,---,uploads\vehicles\veh_57de4b60.jpg
2025-11-14 16:47:08,motorcycle,orange,---,False,False,---,uploads\vehicles\veh_f38bcee6.jpg
2025-11-14 16:47:09,truck,blue,AP39007364,True,False,---,uploads\vehicles\veh_7f2099e1.jpg
2025-11-14 16:47:09,vehicle,black,---,False,False,---,uploads\vehicles\veh_05b9034a.jpg
2025-11-14 16:47:10,car,green,YOTAENNE,False,False,---,uploads\vehicles\veh_e4faf2ae.jpg
2025-11-14 16:47:10,vehicle,white,---,False,False,---,uploads\vehicles\veh_69405aec.jpg
2025-11-14 16:47:11,motorcycle,green,---,False,False,---,uploads\vehicles\veh_7676ddf4.jpg
2025-11-14 16:47:12,car,black,9007364,False,False,---,uploads\vehicles\veh_63caac5e.jpg
2025-11-14 16:47:12,car,green,TCITKOTE,False,False,---,uploads\vehicles\veh_b7a050e1.jpg
2025-11-14 16:47:13,vehicle,white,---,False,False,---,uploads\vehicles\veh_19c12bcc.jpg
2025-11-14 16:47:13,motorcycle,green,---,False,False,---,uploads\vehicles\veh_46dccacb.jpg
2025-11-14 16:47:13,vehicle,blue,---,False,False,---,uploads\vehicles\veh_ba73fd62.jpg
2025-11-14 16:47:14,car,green,---,False,False,---,uploads\vehicles\veh_0924c503.jpg
2025-11-14 16:47:15,car,green,0605FF31H64PR,False,False,---,uploads\vehicles\veh_f1809e36.jpg
2025-11-14 16:47:15,motorcycle,white,---,False,False,---,uploads\vehicles\veh_bf24a72b.jpg
2025-11-14 16:47:16,motorcycle,green,---,False,False,---,uploads\vehicles\veh_61211c2b.jpg
2025-11-14 16:47:16,truck,green,---,False,False,---,uploads\vehicles\veh_7d5375f2.jpg
2025-11-14 16:47:17,vehicle,white,---,False,False,---,uploads\vehicles\veh_6666aef0.jpg
2025-11-14 16:47:17,truck,green,---,False,False,---,uploads\vehicles\veh_6c3cbdd3.jpg
2025-11-14 16:47:18,car,green,APROEKHIAG,True,False,---,uploads\vehicles\veh_926d97f3.jpg
2025-11-14 16:47:19,motorcycle,white,---,False,False,---,uploads\vehicles\veh_531493d5.jpg
2025-11-14 16:47:19,car,black,---,False,False,---,uploads\vehicles\veh_a9c99e8b.jpg
2025-11-14 16:47:19,vehicle,white,---,False,False,---,uploads\vehicles\veh_fd11796e.jpg
2025-11-14 16:47:20,truck,green,---,False,False,---,uploads\vehicles\veh_230d1969.jpg
2025-11-14 16:47:21,car,green,---,False,False,---,uploads\vehicles\veh_05ce8155.jpg
2025-11-14 16:47:21,motorcycle,white,---,False,False,---,uploads\vehicles\veh_91ae93f6.jpg
2025-11-14 16:47:21,truck,black,---,False,False,---,uploads\vehicles\veh_525ec9bf.jpg
2025-11-14 16:47:22,vehicle,white,---,False,False,---,uploads\vehicles\veh_a7d16a3f.jpg
2025-11-14 16:47:22,truck,green,---,False,False,---,uploads\vehicles\veh_02587191.jpg
2025-11-14 16:47:23,car,green,---,False,False,---,uploads\vehicles\veh_53c5090b.jpg
2025-11-14 16:47:23,motorcycle,white,---,False,False,---,uploads\vehicles\veh_b75c096c.jpg
2025-11-14 16:47:23,car,yellow,---,False,False,---,uploads\vehicles\veh_7e6fb7b7.jpg
2025-11-14 16:47:24,vehicle,white,---,False,False,---,uploads\vehicles\veh_0b1eb352.jpg
2025-11-14 16:47:24,truck,green,---,False,False,---,uploads\vehicles\veh_c2361166.jpg
2025-11-14 16:47:25,vehicle,white,---,False,False,---,uploads\vehicles\veh_5cadaa2d.jpg
2025-11-14 16:47:25,motorcycle,green,---,False,False,---,uploads\vehicles\veh_a8310fe3.jpg
2025-11-14 16:47:25,truck,orange,---,False,False,---,uploads\vehicles\veh_39190acb.jpg
2025-11-14 16:47:26,truck,green,AP39US876,False,False,---,uploads\vehicles\veh_40cc968b.jpg
2025-11-14 16:47:26,vehicle,blue,---,False,False,---,uploads\vehicles\veh_2e9f9412.jpg
2025-11-14 16:47:27,motorcycle,white,---,False,False,---,uploads\vehicles\veh_b31213e2.jpg
2025-11-14 16:47:27,vehicle,white,---,False,False,---,uploads\vehicles\veh_5d09dd25.jpg
2025-11-14 16:47:28,motorcycle,green,---,False,False,---,uploads\vehicles\veh_b4a17add.jpg
2025-11-14 16:47:28,motorcycle,black,---,False,False,---,uploads\vehicles\veh_243fb74c.jpg
2025-11-14 16:47:28,truck,green,4839U5826,False,False,---,uploads\vehicles\veh_e933205b.jpg
2025-11-14 16:47:29,motorcycle,white,---,False,False,---,uploads\vehicles\veh_8874e46c.jpg
2025-11-14 16:47:29,vehicle,white,---,False,False,---,uploads\vehicles\veh_67eb5107.jpg
2025-11-14 16:47:30,vehicle,white,---,False,False,---,uploads\vehicles\veh_86b8bcc6.jpg
2025-11-14 16:47:30,motorcycle,white,---,False,False,---,uploads\vehicles\veh_45feb433.jpg
2025-11-14 16:47:31,truck,green,AP39US876,False,False,---,uploads\vehicles\veh_29d5362c.jpg
2025-11-14 16:47:31,motorcycle,yellow,---,False,False,---,uploads\vehicles\veh_3354f16c.jpg
2025-11-14 16:47:31,vehicle,white,---,False,False,---,uploads\vehicles\veh_59b6f970.jpg
2025-11-14 16:47:32,car,green,---,False,False,---,uploads\vehicles\veh_6dba11c5.jpg
2025-11-14 16:47:33,truck,green,---,False,False,---,uploads\vehicles\veh_02231ff5.jpg
2025-11-14 16:47:33,vehicle,orange,---,False,False,---,uploads\vehicles\veh_cc9e2814.jpg
2025-11-14 16:47:33,vehicle,white,---,False,False,---,uploads\vehicles\veh_78648027.jpg
2025-11-14 16:47:35,car,blue,01DIETELTULIAHJTG05,False,False,---,uploads\vehicles\veh_7925a8a9.jpg
2025-11-14 16:47:35,truck,yellow,---,False,False,---,uploads\vehicles\veh_60323426.jpg
2025-11-14 16:47:36,vehicle,white,---,False,False,---,uploads\vehicles\veh_def52762.jpg
2025-11-14 16:47:36,vehicle,purple,---,False,False,---,uploads\vehicles\veh_46a23464.jpg
2025-11-14 16:47:38,truck,blue,VELTUEYAP4OERNOOEG05LIKI,False,False,---,uploads\vehicles\veh_218382c4.jpg
2025-11-14 16:47:40,car,blue,AM3WRAP40EK3186,False,False,---,uploads\vehicles\veh_955220b8.jpg
2025-11-14 16:47:41,vehicle,green,W,False,False,---,uploads\vehicles\veh_d6633125.jpg
2025-11-14 16:47:41,vehicle,white,---,False,False,---,uploads\vehicles\veh_ee7288d6.jpg
2025-11-14 16:47:42,vehicle,white,---,False,False,---,uploads\vehicles\veh_7e387609.jpg
2025-11-14 16:47:43,truck,blue,IIDIEGAAAP40EK3186,False,False,---,uploads\vehicles\veh_a9e85bb9.jpg
2025-11-14 16:47:44,motorcycle,green,---,False,False,---,uploads\vehicles\veh_410db5cc.jpg
2025-11-14 16:47:45,vehicle,white,AA,False,False,---,uploads\vehicles\veh_bd18c369.jpg
2025-11-14 16:47:46,car,blue,OTGOIIUIZ166IIAP4OEK3186,False,False,---,uploads\vehicles\veh_50c8be52.jpg
2025-11-14 16:47:47,vehicle,purple,---,False,False,---,uploads\vehicles\veh_bfe9e29b.jpg
2025-11-14 16:47:47,vehicle,yellow,---,False,False,---,uploads\vehicles\veh_ba010c68.jpg
2025-11-14 16:47:48,motorcycle,white,---,False,False,---,uploads\vehicles\veh_0ef535a3.jpg
2025-11-14 16:47:49,vehicle,white,---,False,False,---,uploads\vehicles\veh_b52a9617.jpg
2025-11-14 16:47:50,car,blue,OSGOZDDIZJIVTCAEDAP40EK3186,False,False,---,uploads\vehicles\veh_696e470f.jpg
2025-11-14 16:47:51,vehicle,blue,---,False,False,---,uploads\vehicles\veh_6683a19a.jpg
2025-11-14 16:47:51,truck,orange,---,False,False,---,uploads\vehicles\veh_33fc6359.jpg
2025-11-14 16:47:52,vehicle,white,---,False,False,---,uploads\vehicles\veh_d06d9b3b.jpg
2025-11-14 16:47:53,truck,blue,OSGODLZI7JIUTOAEAP40EK3186,False,False,---,uploads\vehicles\veh_fb2dbc43.jpg
2025-11-14 16:47:54,motorcycle,green,---,False,False,---,uploads\vehicles\veh_fb97dae6.jpg
2025-11-14 16:47:55,bus,blue,OIGOIDLTTICIGHIETIAP4OEK3136,False,False,---,uploads\vehicles\veh_66efffb4.jpg
2025-11-14 16:47:56,truck,orange,---,False,False,---,uploads\vehicles\veh_bdec4325.jpg
2025-11-14 16:47:57,truck,blue,OUGOIIDLTTJILIGUEETAP40EK3186,False,False,---,uploads\vehicles\veh_d423ed94.jpg
2025-11-14 16:47:58,vehicle,white,---,False,False,---,uploads\vehicles\veh_31d951ea.jpg
2025-11-14 16:47:59,motorcycle,white,---,False,False,---,uploads\vehicles\veh_627c2dee.jpg
2025-11-14 16:48:00,truck,blue,OEGOIDILIHELGEIUYAP40EK3186,False,False,---,uploads\vehicles\veh_a47185d1.jpg
2025-11-14 16:48:01,car,blue,OEGOVDIEHCLGHIUAP0EK3186,False,False,---,uploads\vehicles\veh_ee3f4939.jpg
2025-11-14 16:48:03,truck,green,OVGOVIDUIYMSIRGF4I75SAPROEK3186,False,False,---,uploads\vehicles\veh_32b95d22.jpg
2025-11-14 16:48:05,car,blue,ONGOVIDUIYMSIN4I7SAPROEK3186,False,False,---,uploads\vehicles\veh_3aaa3607.jpg
2025-11-14 16:48:05,vehicle,white,---,False,False,---,uploads\vehicles\veh_974f1e01.jpg
2025-11-14 16:48:07,truck,blue,OIGOVIDUIYMNSTEIOFFALMIAP4OEK3186,False,False,---,uploads\vehicles\veh_fb13ecc5.jpg
2025-11-14 16:48:09,truck,blue,ONDUTYAISIRZOFEGOVTRIILIQTS,False,False,---,uploads\vehicles\veh_5367e3c7.jpg
2025-11-14 16:48:10,truck,blue,Y,False,False,---,uploads\vehicles\veh_ca776570.jpg
2025-11-14 16:48:10,truck,green,---,False,False,---,uploads\vehicles\veh_f2e8dd37.jpg
2025-11-14 16:48:11,vehicle,orange,---,False,False,---,uploads\vehicles\veh_63e31b9e.jpg
2025-11-14 16:48:12,truck,green,---,False,False,---,uploads\vehicles\veh_8ccbe3d9.jpg
2025-11-14 16:48:13,truck,green,---,False,False,---,uploads\vehicles\veh_8c5e0b50.jpg
2025-11-14 16:48:13,truck,green,---,False,False,---,uploads\vehicles\veh_b4b49e2a.jpg
2025-11-14 16:48:14,car,green,---,False,False,---,uploads\vehicles\veh_dd3896d8.jpg
2025-11-14 16:48:14,vehicle,green,---,False,False,---,uploads\vehicles\veh_59710f9a.jpg
2025-11-14 16:48:15,car,green,---,False,False,---,uploads\vehicles\veh_93322acd.jpg
2025-11-14 16:48:15,car,white,ADS,False,False,---,uploads\vehicles\veh_f4eedb30.jpg
2025-11-14 16:48:16,car,orange,---,False,False,---,uploads\vehicles\veh_4792c774.jpg
2025-11-14 16:48:17,car,white,---,False,False,---,uploads\vehicles\veh_aeba41d6.jpg
2025-11-14 16:48:17,vehicle,orange,---,False,False,---,uploads\vehicles\veh_75ed274b.jpg
2025-11-14 16:48:18,car,white,VIUZJ,False,False,---,uploads\vehicles\veh_d63a8974.jpg
2025-11-14 16:48:18,truck,yellow,---,False,False,---,uploads\vehicles\veh_f7aec364.jpg
2025-11-14 16:48:19,vehicle,purple,---,False,False,---,uploads\vehicles\veh_0c6de34a.jpg
2025-11-14 16:48:20,car,white,UPULMIZ,False,False,---,uploads\vehicles\veh_b3141840.jpg
2025-11-14 16:48:20,motorcycle,blue,---,False,False,---,uploads\vehicles\veh_6403e3d5.jpg
2025-11-14 16:48:21,truck,green,---,False,False,---,uploads\vehicles\veh_da742e57.jpg
2025-11-14 16:48:21,vehicle,purple,---,False,False,---,uploads\vehicles\veh_d657e41b.jpg
2025-11-14 16:48:22,car,blue,1A0E4O029,False,False,---,uploads\vehicles\veh_5f7fc678.jpg
2025-11-14 16:48:22,motorcycle,purple,---,False,False,---,uploads\vehicles\veh_82a6547f.jpg
2025-11-14 16:48:23,truck,green,---,False,False,---,uploads\vehicles\veh_d4a2611b.jpg
2025-11-14 16:48:23,vehicle,purple,---,False,False,---,uploads\vehicles\veh_f7439224.jpg
2025-11-14 16:48:23,car,white,AP39,False,False,---,uploads\vehicles\veh_09b949df.jpg
2025-11-14 16:48:24,vehicle,white,---,False,False,---,uploads\vehicles\veh_d7550e32.jpg
2025-11-14 16:48:25,car,blue,I100Z95Z08,True,False,---,uploads\vehicles\veh_9c7f13cd.jpg
2025-11-14 16:48:25,motorcycle,blue,---,False,False,---,uploads\vehicles\veh_68c580c3.jpg
2025-11-14 16:48:26,truck,black,---,False,False,---,uploads\vehicles\veh_4a7204bc.jpg
2025-11-14 16:48:26,vehicle,purple,---,False,False,---,uploads\vehicles\veh_568ce636.jpg
2025-11-14 16:48:26,car,white,AP39FF,False,False,---,uploads\vehicles\veh_eeeda6a6.jpg
2025-11-14 16:48:27,car,blue,---,False,False,---,uploads\vehicles\veh_59302fe7.jpg
2025-11-14 16:48:28,car,white,2PK0JIOZ,False,False,---,uploads\vehicles\veh_490ae14d.jpg
2025-11-14 16:48:28,motorcycle,blue,---,False,False,---,uploads\vehicles\veh_d0b57d95.jpg
2025-11-14 16:48:29,truck,green,---,False,False,---,uploads\vehicles\veh_e7810a6c.jpg
2025-11-14 16:48:29,vehicle,blue,---,False,False,---,uploads\vehicles\veh_e971ced9.jpg
2025-11-14 16:48:29,car,white,AP39FF039,False,False,---,uploads\vehicles\veh_d3528b12.jpg
2025-11-14 16:48:30,car,blue,---,False,False,---,uploads\vehicles\veh_284d4c48.jpg
2025-11-14 16:48:31,car,white,IPJZ,False,False,---,uploads\vehicles\veh_d2855007.jpg
2025-11-14 16:48:31,motorcycle,blue,---,False,False,---,uploads\vehicles\veh_9b3cbfb0.jpg
2025-11-14 16:48:32,truck,green,---,False,False,---,uploads\vehicles\veh_510999d8.jpg
2025-11-14 16:48:32,vehicle,purple,---,False,False,---,uploads\vehicles\veh_43192fb7.jpg
2025-11-14 16:48:32,car,white,AP39FF0399,True,True,AP,uploads\vehicles\veh_44dda8b1.jpg
2025-11-14 16:48:33,car,green,---,False,False,---,uploads\vehicles\veh_1416a07d.jpg
2025-11-14 16:48:34,car,white,---,False,False,---,uploads\vehicles\veh_4d7a5b0c.jpg
2025-11-14 16:48:34,motorcycle,blue,---,False,False,---,uploads\vehicles\veh_c9e73ea6.jpg
2025-11-14 16:48:34,truck,black,---,False,False,---,uploads\vehicles\veh_37bc28c6.jpg
2025-11-14 16:48:35,vehicle,black,---,False,False,---,uploads\vehicles\veh_fb34eadc.jpg
2025-11-14 16:48:35,car,white,AP39FF0399,True,True,AP,uploads\vehicles\veh_c41f9d87.jpg
2025-11-14 16:48:36,car,green,---,False,False,---,uploads\vehicles\veh_89a1e18f.jpg
2025-11-14 16:48:37,car,white,---,False,False,---,uploads\vehicles\veh_ef5ead76.jpg
2025-11-14 16:48:37,motorcycle,purple,---,False,False,---,uploads\vehicles\veh_4edf73d1.jpg
2025-11-14 16:48:37,vehicle,purple,---,False,False,---,uploads\vehicles\veh_dfab9c79.jpg
2025-11-14 16:48:38,car,white,AP39FF0399,True,True,AP,uploads\vehicles\veh_0bf1f955.jpg
2025-11-14 16:48:38,car,green,---,False,False,---,uploads\vehicles\veh_8a38425e.jpg
2025-11-14 16:48:39,car,blue,---,False,False,---,uploads\vehicles\veh_0990ee84.jpg
2025-11-14 16:48:40,motorcycle,black,---,False,False,---,uploads\vehicles\veh_66a34e19.jpg
2025-11-14 16:48:40,vehicle,purple,---,False,False,---,uploads\vehicles\veh_529154b8.jpg
2025-11-14 16:48:41,car,white,AP39FF0399,True,True,AP,uploads\vehicles\veh_ad30bec8.jpg
2025-11-14 16:48:41,truck,blue,---,False,False,---,uploads\vehicles\veh_eac1363b.jpg
2025-11-14 16:48:41,vehicle,white,---,False,False,---,uploads\vehicles\veh_3d4be2a7.jpg
2025-11-14 16:48:42,car,green,---,False,False,---,uploads\vehicles\veh_0972c9a7.jpg
2025-11-14 16:48:42,car,blue,---,False,False,---,uploads\vehicles\veh_b1c11400.jpg
2025-11-14 16:48:43,motorcycle,black,---,False,False,---,uploads\vehicles\veh_5918ee4c.jpg
2025-11-14 16:48:43,vehicle,orange,---,False,False,---,uploads\vehicles\veh_86161707.jpg
2025-11-14 16:48:44,car,white,AP39FF0399,True,True,AP,uploads\vehicles\veh_08a479bb.jpg
2025-11-14 16:48:44,vehicle,blue,---,False,False,---,uploads\vehicles\veh_887aabe2.jpg
2025-11-14 16:48:45,vehicle,yellow,---,False,False,---,uploads\vehicles\veh_0334f461.jpg
2025-11-14 16:48:46,car,white,AP39FFO399,True,False,---,uploads\vehicles\veh_2f02d6ca.jpg
2025-11-14 16:48:46,vehicle,yellow,---,False,False,---,uploads\vehicles\veh_88d83fef.jpg
2025-11-14 16:48:46,truck,blue,---,False,False,---,uploads\vehicles\veh_f03e14f8.jpg
2025-11-14 16:48:48,car,white,AP39FF0399,True,True,AP,uploads\vehicles\veh_8ba18e28.jpg
2025-11-14 16:48:48,truck,blue,---,False,False,---,uploads\vehicles\veh_17e884a5.jpg
2025-11-14 16:48:50,car,white,AP39FF0399,True,True,AP,uploads\vehicles\veh_6b26d1f0.jpg
2025-11-14 16:48:50,truck,black,---,False,False,---,uploads\vehicles\veh_7dca2e4a.jpg
2025-11-14 16:48:52,car,white,AP39FF0399,True,True,AP,uploads\vehicles\veh_94dffbda.jpg
2025-11-14 16:48:52,truck,black,---,False,False,---,uploads\vehicles\veh_da5bd827.jpg
2025-11-14 16:48:52,car,white,---,False,False,---,uploads\vehicles\veh_6d04e7d8.jpg
2025-11-14 16:48:54,car,white,AP39FF0399,True,True,AP,uploads\vehicles\veh_7d1be676.jpg
2025-11-14 16:48:54,truck,black,---,False,False,---,uploads\vehicles\veh_930bc6e5.jpg
2025-11-14 16:48:54,car,blue,---,False,False,---,uploads\vehicles\veh_4a136f31.jpg
2025-11-14 16:48:55,vehicle,green,---,False,False,---,uploads\vehicles\veh_bceff5d2.jpg
2025-11-14 16:48:55,car,blue,---,False,False,---,uploads\vehicles\veh_6b41e1c6.jpg
2025-11-14 16:48:57,car,white,AP39FFO3OA,True,False,---,uploads\vehicles\veh_f4fffaff.jpg
2025-11-14 16:48:57,car,green,---,False,False,---,uploads\vehicles\veh_9af381bf.jpg
2025-11-14 16:48:58,vehicle,green,---,False,False,---,uploads\vehicles\veh_1e73e5a3.jpg
2025-11-14 16:48:58,car,green,---,False,False,---,uploads\vehicles\veh_7e6ffa71.jpg
2025-11-14 16:48:59,car,blue,---,False,False,---,uploads\vehicles\veh_aa8a0ade.jpg
2025-11-14 16:48:59,car,green,---,False,False,---,uploads\vehicles\veh_acb19acf.jpg
2025-11-14 16:49:00,car,white,---,False,False,---,uploads\vehicles\veh_5c692d9c.jpg
2025-11-14 16:49:00,car,green,---,False,False,---,uploads\vehicles\veh_139e3f36.jpg
2025-11-14 16:49:01,car,blue,---,False,False,---,uploads\vehicles\veh_323b66af.jpg
2025-11-14 16:49:01,car,white,---,False,False,---,uploads\vehicles\veh_b6385615.jpg
2025-11-14 16:49:02,car,green,---,False,False,---,uploads\vehicles\veh_ef6ff826.jpg
2025-11-14 16:49:02,car,green,---,False,False,---,uploads\vehicles\veh_0ab40cb9.jpg
2025-11-14 16:49:03,car,white,---,False,False,---,uploads\vehicles\veh_36f1b25d.jpg
2025-11-14 16:49:03,vehicle,blue,---,False,False,---,uploads\vehicles\veh_c8bb065c.jpg
2025-11-14 16:49:04,car,green,1UNN29,False,False,---,uploads\vehicles\veh_2dd04d9f.jpg
2025-11-14 16:49:05,car,white,IRUND29,False,False,---,uploads\vehicles\veh_58ea67ca.jpg
2025-11-14 16:49:05,vehicle,blue,---,False,False,---,uploads\vehicles\veh_090712f3.jpg
2025-11-14 16:49:07,car,white,LOEHO029,False,False,---,uploads\vehicles\veh_275364e0.jpg
2025-11-14 16:49:07,vehicle,purple,---,False,False,---,uploads\vehicles\veh_09f56986.jpg
2025-11-14 16:49:07,vehicle,white,---,False,False,---,uploads\vehicles\veh_a878dfcd.jpg
2025-11-14 16:49:08,car,white,---,False,False,---,uploads\vehicles\veh_9d6ddb13.jpg
2025-11-14 16:49:09,vehicle,blue,---,False,False,---,uploads\vehicles\veh_eeff18fe.jpg
2025-11-14 16:49:09,motorcycle,green,---,False,False,---,uploads\vehicles\veh_c809983a.jpg
2025-11-14 16:49:09,vehicle,white,---,False,False,---,uploads\vehicles\veh_9ce1bfa9.jpg
2025-11-14 16:49:11,car,white,---,False,False,---,uploads\vehicles\veh_57790d89.jpg
2025-11-14 16:49:11,vehicle,blue,---,False,False,---,uploads\vehicles\veh_137aa25b.jpg
2025-11-14 16:49:11,motorcycle,white,---,False,False,---,uploads\vehicles\veh_7312bacd.jpg
2025-11-14 16:49:11,vehicle,blue,---,False,False,---,uploads\vehicles\veh_009f99e1.jpg
2025-11-14 16:49:12,car,white,P0N13927,False,False,---,uploads\vehicles\veh_c90fedd7.jpg
2025-11-14 16:49:13,vehicle,blue,---,False,False,---,uploads\vehicles\veh_fa868198.jpg
2025-11-14 16:49:14,car,green,---,False,False,---,uploads\vehicles\veh_bd76921b.jpg
2025-11-14 16:49:14,vehicle,blue,---,False,False,---,uploads\vehicles\veh_83426ed8.jpg
2025-11-14 16:49:15,motorcycle,white,---,False,False,---,uploads\vehicles\veh_804f3d76.jpg
2025-11-14 16:49:15,vehicle,purple,---,False,False,---,uploads\vehicles\veh_84c7aa1e.jpg
2025-11-14 16:49:15,car,white,ZQAD92,False,False,---,uploads\vehicles\veh_00fe58b0.jpg
2025-11-14 16:49:16,vehicle,blue,---,False,False,---,uploads\vehicles\veh_dd909cb8.jpg
2025-11-14 16:49:16,car,green,---,False,False,---,uploads\vehicles\veh_37907d86.jpg
2025-11-14 16:49:17,vehicle,blue,---,False,False,---,uploads\vehicles\veh_381d0803.jpg
2025-11-14 16:49:17,motorcycle,green,---,False,False,---,uploads\vehicles\veh_a30569b7.jpg
2025-11-14 16:49:18,car,white,RL0ET92,False,False,---,uploads\vehicles\veh_c97499a6.jpg
2025-11-14 16:49:18,vehicle,white,---,False,False,---,uploads\vehicles\veh_2cecebc5.jpg
2025-11-14 16:49:19,car,white,---,False,False,---,uploads\vehicles\veh_10c4414c.jpg
2025-11-14 16:49:19,motorcycle,green,---,False,False,---,uploads\vehicles\veh_a2ed82da.jpg
2025-11-14 16:49:20,motorcycle,yellow,---,False,False,---,uploads\vehicles\veh_e9c806c5.jpg
2025-11-14 16:49:20,vehicle,green,---,False,False,---,uploads\vehicles\veh_ff6e6a1b.jpg
2025-11-14 16:49:20,motorcycle,blue,---,False,False,---,uploads\vehicles\veh_999cc747.jpg
2025-11-14 16:49:21,car,white,IRAQESE,False,False,---,uploads\vehicles\veh_3ba7889f.jpg
2025-11-14 16:49:21,vehicle,white,---,False,False,---,uploads\vehicles\veh_0e687021.jpg
2025-11-14 16:49:21,motorcycle,white,---,False,False,---,uploads\vehicles\veh_1b1f2541.jpg
2025-11-14 16:49:22,motorcycle,blue,---,False,False,---,uploads\vehicles\veh_452c9335.jpg
2025-11-14 16:49:22,vehicle,white,---,False,False,---,uploads\vehicles\veh_c1466691.jpg
2025-11-14 16:49:23,motorcycle,white,---,False,False,---,uploads\vehicles\veh_0193220d.jpg
2025-11-14 16:49:23,vehicle,orange,---,False,False,---,uploads\vehicles\veh_52910f73.jpg
2025-11-14 16:49:24,vehicle,green,---,False,False,---,uploads\vehicles\veh_bf785996.jpg
2025-11-14 16:49:24,motorcycle,black,---,False,False,---,uploads\vehicles\veh_666ac104.jpg
2025-11-14 16:49:25,car,white,---,False,False,---,uploads\vehicles\veh_6f93180c.jpg
2025-11-14 16:49:25,vehicle,white,---,False,False,---,uploads\vehicles\veh_6d10c866.jpg
2025-11-14 16:49:25,vehicle,green,---,False,False,---,uploads\vehicles\veh_6a46a578.jpg
2025-11-14 16:49:26,motorcycle,white,---,False,False,---,uploads\vehicles\veh_d00cddd9.jpg
2025-11-14 16:49:27,vehicle,green,---,False,False,---,uploads\vehicles\veh_2d50c1b1.jpg
2025-11-14 16:49:27,motorcycle,yellow,---,False,False,---,uploads\vehicles\veh_c6e64d0c.jpg
2025-11-14 16:49:28,car,white,---,False,False,---,uploads\vehicles\veh_e9547db3.jpg
2025-11-14 16:49:29,vehicle,white,---,False,False,---,uploads\vehicles\veh_ef5bf49f.jpg
2025-11-14 16:49:29,vehicle,green,---,False,False,---,uploads\vehicles\veh_dfd6b7a0.jpg
2025-11-14 16:49:29,vehicle,green,---,False,False,---,uploads\vehicles\veh_ad1e3b1e.jpg
2025-11-14 16:49:30,car,white,---,False,False,---,uploads\vehicles\veh_80951e1c.jpg
2025-11-14 16:49:31,vehicle,green,---,False,False,---,uploads\vehicles\veh_0d01beed.jpg
2025-11-14 16:49:31,motorcycle,green,---,False,False,---,uploads\vehicles\veh_f5dc927e.jpg
2025-11-14 16:49:32,car,white,---,False,False,---,uploads\vehicles\veh_0e452fe5.jpg
2025-11-14 16:49:32,vehicle,white,---,False,False,---,uploads\vehicles\veh_706a5de9.jpg
2025-11-14 16:49:33,vehicle,white,---,False,False,---,uploads\vehicles\veh_d64152ad.jpg
2025-11-14 16:49:33,vehicle,green,---,False,False,---,uploads\vehicles\veh_5ce0136d.jpg
2025-11-14 16:49:33,motorcycle,green,---,False,False,---,uploads\vehicles\veh_c450fa9d.jpg
2025-11-14 16:49:34,motorcycle,black,---,False,False,---,uploads\vehicles\veh_3cc5ca80.jpg
2025-11-14 16:49:35,vehicle,green,---,False,False,---,uploads\vehicles\veh_7001df1c.jpg
2025-11-14 16:49:35,motorcycle,green,---,False,False,---,uploads\vehicles\veh_31415ca1.jpg
2025-11-14 16:49:36,vehicle,white,---,False,False,---,uploads\vehicles\veh_db5a0ae3.jpg
2025-11-14 16:49:36,vehicle,green,---,False,False,---,uploads\vehicles\veh_8b137484.jpg
2025-11-14 16:49:36,vehicle,green,---,False,False,---,uploads\vehicles\veh_f6577ada.jpg
2025-11-14 16:49:37,motorcycle,green,---,False,False,---,uploads\vehicles\veh_fa4f3da3.jpg
2025-11-14 16:49:37,motorcycle,black,---,False,False,---,uploads\vehicles\veh_84489e5d.jpg
2025-11-14 16:49:38,car,white,---,False,False,---,uploads\vehicles\veh_3dfd6eb4.jpg
2025-11-14 16:49:39,vehicle,blue,---,False,False,---,uploads\vehicles\veh_8cbed923.jpg
2025-11-14 16:49:39,motorcycle,green,13977,False,False,---,uploads\vehicles\veh_e24f3a21.jpg
2025-11-14 16:49:39,vehicle,white,---,False,False,---,uploads\vehicles\veh_f393b7e3.jpg
2025-11-14 16:49:40,vehicle,green,113972,False,False,---,uploads\vehicles\veh_d1b97558.jpg
2025-11-14 16:49:40,vehicle,green,---,False,False,---,uploads\vehicles\veh_c51db56e.jpg
2025-11-14 16:49:41,motorcycle,green,---,False,False,---,uploads\vehicles\veh_c9c9a36c.jpg
2025-11-14 16:49:41,car,white,APS,False,False,---,uploads\vehicles\veh_e34eaf42.jpg
2025-11-14 16:49:41,motorcycle,blue,---,False,False,---,uploads\vehicles\veh_2d627499.jpg
2025-11-14 16:49:42,vehicle,green,---,False,False,---,uploads\vehicles\veh_c07ce487.jpg
2025-11-14 16:49:42,motorcycle,orange,AFLOEL,False,False,---,uploads\vehicles\veh_f7b33478.jpg
2025-11-14 16:49:43,vehicle,blue,---,False,False,---,uploads\vehicles\veh_6a2f2bc4.jpg
2025-11-14 16:49:43,vehicle,green,AP,False,False,---,uploads\vehicles\veh_91e07a05.jpg
2025-11-14 16:49:43,vehicle,green,---,False,False,---,uploads\vehicles\veh_77209f2e.jpg
2025-11-14 16:49:44,car,white,APBICU,False,False,---,uploads\vehicles\veh_84f79e6e.jpg
2025-11-14 16:49:44,motorcycle,black,---,False,False,---,uploads\vehicles\veh_a73cab0c.jpg
2025-11-14 16:49:45,car,white,APLOEL3972,True,False,---,uploads\vehicles\veh_cafef661.jpg
2025-11-14 16:49:45,car,white,---,False,False,---,uploads\vehicles\veh_bae2e5a6.jpg
2025-11-14 16:49:46,vehicle,blue,---,False,False,---,uploads\vehicles\veh_7a5fa60a.jpg
2025-11-14 16:49:47,vehicle,blue,---,False,False,---,uploads\vehicles\veh_fd54ef43.jpg
2025-11-14 16:49:47,vehicle,white,---,False,False,---,uploads\vehicles\veh_5ce608d7.jpg
2025-11-14 16:49:48,vehicle,blue,---,False,False,---,uploads\vehicles\veh_a2f32161.jpg
2025-11-14 16:49:48,car,white,AP31CU3LL,False,False,---,uploads\vehicles\veh_0de84ae4.jpg
2025-11-14 16:49:48,motorcycle,black,---,False,False,---,uploads\vehicles\veh_c153a8cc.jpg
2025-11-14 16:49:49,car,blue,19920,False,False,---,uploads\vehicles\veh_fc4c9533.jpg
2025-11-14 16:49:49,car,white,---,False,False,---,uploads\vehicles\veh_3a114683.jpg
2025-11-14 16:49:50,vehicle,green,---,False,False,---,uploads\vehicles\veh_61950084.jpg
2025-11-14 16:49:50,vehicle,yellow,---,False,False,---,uploads\vehicles\veh_7c27204f.jpg
2025-11-14 16:49:51,vehicle,white,---,False,False,---,uploads\vehicles\veh_9d9a9e7d.jpg
2025-11-14 16:49:51,car,white,1CU3LL7AP3,True,False,---,uploads\vehicles\veh_770e8523.jpg
2025-11-14 16:49:52,motorcycle,white,---,False,False,---,uploads\vehicles\veh_0b714b91.jpg
2025-11-14 16:49:52,car,blue,4049928,False,False,---,uploads\vehicles\veh_f5986e26.jpg
2025-11-14 16:49:53,car,white,---,False,False,---,uploads\vehicles\veh_454859c4.jpg
2025-11-14 16:49:53,car,white,LRLQET,False,False,---,uploads\vehicles\veh_67dfb6f3.jpg
2025-11-14 16:49:54,vehicle,green,---,False,False,---,uploads\vehicles\veh_d7d07960.jpg
2025-11-14 16:49:54,vehicle,white,---,False,False,---,uploads\vehicles\veh_136189ef.jpg
2025-11-14 16:49:55,car,white,AP31CU3447,True,True,AP,uploads\vehicles\veh_28787631.jpg
2025-11-14 16:49:56,car,blue,2019328,False,False,---,uploads\vehicles\veh_887caa5a.jpg
2025-11-14 16:49:56,car,white,---,False,False,---,uploads\vehicles\veh_0b41a1f3.jpg
2025-11-14 16:49:56,motorcycle,blue,---,False,False,---,uploads\vehicles\veh_00be178e.jpg
2025-11-14 16:49:57,car,white,APLOETA,False,False,---,uploads\vehicles\veh_2d04831d.jpg
2025-11-14 16:49:58,vehicle,green,---,False,False,---,uploads\vehicles\veh_8cb0942b.jpg
2025-11-14 16:49:59,car,white,1CU34471AP3,False,False,---,uploads\vehicles\veh_4541fe6e.jpg
2025-11-14 16:49:59,car,blue,7269928,False,False,---,uploads\vehicles\veh_d3d78d6f.jpg
2025-11-14 16:50:00,motorcycle,orange,---,False,False,---,uploads\vehicles\veh_2ac89646.jpg
2025-11-14 16:50:00,car,green,---,False,False,---,uploads\vehicles\veh_7decebcb.jpg
2025-11-14 16:50:00,motorcycle,white,---,False,False,---,uploads\vehicles\veh_677eb670.jpg
2025-11-14 16:50:01,vehicle,blue,---,False,False,---,uploads\vehicles\veh_2be83dfe.jpg
2025-11-14 16:50:02,car,white,AP31CU3447,True,True,AP,uploads\vehicles\veh_08f05215.jpg
2025-11-14 16:50:02,motorcycle,green,---,False,False,---,uploads\vehicles\veh_69ccc4c5.jpg
2025-11-14 16:50:03,car,green,---,False,False,---,uploads\vehicles\veh_bee715f8.jpg
2025-11-14 16:50:03,vehicle,green,---,False,False,---,uploads\vehicles\veh_20e9c677.jpg
2025-11-14 16:50:03,vehicle,white,---,False,False,---,uploads\vehicles\veh_3066b859.jpg
2025-11-14 16:50:04,car,blue,KU1997A,False,False,---,uploads\vehicles\veh_1f63d2db.jpg
2025-11-14 16:50:06,car,white,AP31CU3L47,True,False,---,uploads\vehicles\veh_92950c07.jpg
2025-11-14 16:50:06,car,green,---,False,False,---,uploads\vehicles\veh_981e94ea.jpg
2025-11-14 16:50:07,motorcycle,white,---,False,False,---,uploads\vehicles\veh_aa19e2dd.jpg
2025-11-14 16:50:07,car,blue,---,False,False,---,uploads\vehicles\veh_33f52d88.jpg
2025-11-14 16:50:08,car,blue,---,False,False,---,uploads\vehicles\veh_c1adee33.jpg
2025-11-14 16:50:09,car,white,AP31CU3447,True,True,AP,uploads\vehicles\veh_550cb362.jpg
2025-11-14 16:50:10,truck,green,---,False,False,---,uploads\vehicles\veh_a8cde90f.jpg
2025-11-14 16:50:10,car,blue,---,False,False,---,uploads\vehicles\veh_1c18669c.jpg
2025-11-14 16:50:10,vehicle,white,---,False,False,---,uploads\vehicles\veh_ce553355.jpg
2025-11-14 16:50:12,car,blue,AP31CU3447,True,True,AP,uploads\vehicles\veh_a98cbbc8.jpg
2025-11-14 16:50:13,truck,green,---,False,False,---,uploads\vehicles\veh_599e21ed.jpg
2025-11-14 16:50:13,vehicle,white,---,False,False,---,uploads\vehicles\veh_5e1852be.jpg
2025-11-14 16:50:15,car,green,AP31CU3L47,True,False,---,uploads\vehicles\veh_397a04aa.jpg
2025-11-14 16:50:15,vehicle,white,---,False,False,---,uploads\vehicles\veh_b469f88c.jpg
2025-11-14 16:50:16,vehicle,green,---,False,False,---,uploads\vehicles\veh_425fa05f.jpg
2025-11-14 16:50:16,truck,green,---,False,False,---,uploads\vehicles\veh_82df2bd5.jpg
2025-11-14 16:50:18,car,green,AP3ICU3L47,True,False,---,uploads\vehicles\veh_0b1a27eb.jpg
2025-11-14 16:50:19,car,blue,AP31CU3447,True,True,AP,uploads\vehicles\veh_da2d50d5.jpg
2025-11-14 16:50:20,car,green,---,False,False,---,uploads\vehicles\veh_7d4976ce.jpg
2025-11-14 16:50:21,vehicle,blue,---,False,False,---,uploads\vehicles\veh_828c46fc.jpg
2025-11-14 16:50:21,car,green,---,False,False,---,uploads\vehicles\veh_87473622.jpg
2025-11-14 16:50:22,vehicle,blue,---,False,False,---,uploads\vehicles\veh_10df392a.jpg
2025-11-14 16:50:22,motorcycle,green,---,False,False,---,uploads\vehicles\veh_069bb055.jpg
2025-11-14 16:50:22,car,purple,---,False,False,---,uploads\vehicles\veh_e856246f.jpg
2025-11-14 16:50:23,truck,green,---,False,False,---,uploads\vehicles\veh_d9c54ad6.jpg
2025-11-14 16:50:24,car,green,---,False,False,---,uploads\vehicles\veh_661e8297.jpg
2025-11-14 16:50:24,vehicle,blue,---,False,False,---,uploads\vehicles\veh_2cebdd08.jpg
2025-11-14 16:50:25,motorcycle,orange,---,False,False,---,uploads\vehicles\veh_17f1f6df.jpg
2025-11-14 16:50:25,car,blue,---,False,False,---,uploads\vehicles\veh_696f7328.jpg
2025-11-14 16:50:25,car,green,---,False,False,---,uploads\vehicles\veh_7190df04.jpg
2025-11-14 16:50:26,car,green,---,False,False,---,uploads\vehicles\veh_2389e9bd.jpg
2025-11-14 16:50:27,car,purple,APASAH,False,False,---,uploads\vehicles\veh_340e65f6.jpg
2025-11-14 16:50:27,motorcycle,orange,---,False,False,---,uploads\vehicles\veh_abe5e671.jpg
2025-11-14 16:50:28,truck,white,---,False,False,---,uploads\vehicles\veh_fb9fa066.jpg
2025-11-14 16:50:29,car,purple,AP35AA556L,True,False,---,uploads\vehicles\veh_067e18dd.jpg
2025-11-14 16:50:30,motorcycle,red,---,False,False,---,uploads\vehicles\veh_1fe1c738.jpg
2025-11-14 16:50:30,truck,orange,9177API9P,False,False,---,uploads\vehicles\veh_b088bbc2.jpg
2025-11-14 16:50:30,vehicle,red,---,False,False,---,uploads\vehicles\veh_41224739.jpg
2025-11-14 16:50:31,car,blue,---,False,False,---,uploads\vehicles\veh_98de1d71.jpg
2025-11-14 16:50:32,truck,orange,---,False,False,---,uploads\vehicles\veh_4a2bb892.jpg
2025-11-14 16:50:33,bus,green,---,False,False,---,uploads\vehicles\veh_d5e88c43.jpg
2025-11-14 16:50:34,truck,black,PAIO,False,False,---,uploads\vehicles\veh_7957cc19.jpg
2025-11-14 16:50:35,bus,black,VASUE,False,False,---,uploads\vehicles\veh_18ad5186.jpg
2025-11-14 16:50:36,bus,green,JP3SUID,False,False,---,uploads\vehicles\veh_261ea877.jpg
2025-11-14 16:50:37,bus,black,---,False,False,---,uploads\vehicles\veh_5b1e46b8.jpg
2025-11-14 16:50:38,bus,green,MJE,False,False,---,uploads\vehicles\veh_e5c5d5e7.jpg
2025-11-14 16:50:39,truck,green,---,False,False,---,uploads\vehicles\veh_42ba64ed.jpg
2025-11-14 16:50:40,motorcycle,green,---,False,False,---,uploads\vehicles\veh_9b67ca18.jpg
2025-11-14 16:50:41,truck,green,---,False,False,---,uploads\vehicles\veh_1ac10132.jpg
2025-11-14 16:50:41,vehicle,green,---,False,False,---,uploads\vehicles\veh_a366d2fc.jpg
2025-11-14 16:50:42,motorcycle,white,---,False,False,---,uploads\vehicles\veh_dc3d86ec.jpg
2025-11-14 16:50:43,motorcycle,green,---,False,False,---,uploads\vehicles\veh_aaf19024.jpg
2025-11-14 16:50:43,vehicle,black,---,False,False,---,uploads\vehicles\veh_631375cf.jpg
2025-11-14 16:50:44,vehicle,yellow,---,False,False,---,uploads\vehicles\veh_1d30a6fa.jpg
2025-11-14 16:50:46,bus,orange,AJUMORCOLLEGE34MECICECCAJCVAPHATCLATCOUPEM,False,False,---,uploads\vehicles\veh_2c5a6e77.jpg
2025-11-14 16:50:47,motorcycle,green,---,False,False,---,uploads\vehicles\veh_a30cde78.jpg
2025-11-14 16:50:47,vehicle,black,---,False,False,---,uploads\vehicles\veh_4c56e1c7.jpg
2025-11-14 16:50:48,motorcycle,purple,---,False,False,---,uploads\vehicles\veh_c8e7de9f.jpg
2025-11-14 16:50:48,truck,green,---,False,False,---,uploads\vehicles\veh_5b588819.jpg
2025-11-14 16:50:49,vehicle,green,---,False,False,---,uploads\vehicles\veh_3a82c534.jpg
2025-11-14 16:50:49,car,white,4P35P9819,False,False,---,uploads\vehicles\veh_1170cf1c.jpg
2025-11-14 16:50:50,vehicle,blue,P64,False,False,---,uploads\vehicles\veh_a505ca52.jpg
2025-11-14 16:50:51,motorcycle,blue,---,False,False,---,uploads\vehicles\veh_5491991d.jpg
2025-11-14 16:50:51,car,green,FOD,False,False,---,uploads\vehicles\veh_efc106d6.jpg
2025-11-14 16:50:52,car,white,42SU9EI9,False,False,---,uploads\vehicles\veh_108fa3bd.jpg
2025-11-14 16:50:53,vehicle,purple,---,False,False,---,uploads\vehicles\veh_b3740a8b.jpg
2025-11-14 16:50:53,motorcycle,black,---,False,False,---,uploads\vehicles\veh_75db889a.jpg
2025-11-14 16:50:53,truck,white,AP3509819,False,False,---,uploads\vehicles\veh_4c68044c.jpg
2025-11-14 16:50:54,vehicle,black,---,False,False,---,uploads\vehicles\veh_1ee47678.jpg
2025-11-14 16:50:55,motorcycle,black,---,False,False,---,uploads\vehicles\veh_df9be39c.jpg
2025-11-14 16:50:55,truck,white,---,False,False,---,uploads\vehicles\veh_38709f0c.jpg
2025-11-14 16:50:56,bus,green,---,False,False,---,uploads\vehicles\veh_fd4700e2.jpg
2025-11-14 16:50:56,motorcycle,black,---,False,False,---,uploads\vehicles\veh_c8a2dab5.jpg
2025-11-14 16:50:56,vehicle,green,---,False,False,---,uploads\vehicles\veh_b31183c0.jpg
2025-11-14 16:50:58,vehicle,green,---,False,False,---,uploads\vehicles\veh_4e5f9203.jpg
2025-11-14 16:50:58,motorcycle,black,---,False,False,---,uploads\vehicles\veh_845cd58c.jpg
2025-11-14 16:50:58,truck,white,---,False,False,---,uploads\vehicles\veh_49f2ca2d.jpg
2025-11-14 16:50:59,car,white,J,False,False,---,uploads\vehicles\veh_c37ea5db.jpg
2025-11-14 16:50:59,vehicle,white,---,False,False,---,uploads\vehicles\veh_07d91dda.jpg
2025-11-14 16:51:00,car,blue,---,False,False,---,uploads\vehicles\veh_73dbc983.jpg
2025-11-14 16:51:00,vehicle,black,---,False,False,---,uploads\vehicles\veh_49fe6ff5.jpg
2025-11-14 16:51:01,truck,green,3569819,False,False,---,uploads\vehicles\veh_9b417a62.jpg
2025-11-14 16:51:02,car,white,J4JEO,False,False,---,uploads\vehicles\veh_fab71e35.jpg
2025-11-14 16:51:03,car,green,---,False,False,---,uploads\vehicles\veh_031a6050.jpg
2025-11-14 16:51:03,vehicle,black,---,False,False,---,uploads\vehicles\veh_f99ae012.jpg
2025-11-14 16:51:04,truck,green,---,False,False,---,uploads\vehicles\veh_4743c808.jpg
2025-11-14 16:51:04,car,white,D34JUO,False,False,---,uploads\vehicles\veh_4ab55baf.jpg
2025-11-14 16:51:05,motorcycle,black,4739,False,False,---,uploads\vehicles\veh_dcef62e4.jpg
2025-11-14 16:51:06,vehicle,black,---,False,False,---,uploads\vehicles\veh_41978575.jpg
2025-11-14 16:51:06,truck,blue,---,False,False,---,uploads\vehicles\veh_89cf6821.jpg
2025-11-14 16:51:07,car,white,PLO334,False,False,---,uploads\vehicles\veh_e29c2a9e.jpg
2025-11-14 16:51:07,motorcycle,black,---,False,False,---,uploads\vehicles\veh_86317671.jpg
2025-11-14 16:51:08,vehicle,blue,---,False,False,---,uploads\vehicles\veh_3f676d43.jpg
2025-11-14 16:51:08,car,green,---,False,False,---,uploads\vehicles\veh_f162a7ca.jpg
2025-11-14 16:51:09,vehicle,green,---,False,False,---,uploads\vehicles\veh_b4f0dc60.jpg
2025-11-14 16:51:10,truck,blue,---,False,False,---,uploads\vehicles\veh_54c091c5.jpg
2025-11-14 16:51:12,car,white,XMO334,False,False,---,uploads\vehicles\veh_6ce9c3b2.jpg
2025-11-14 16:51:13,car,blue,---,False,False,---,uploads\vehicles\veh_6adb3346.jpg
2025-11-14 16:51:13,vehicle,blue,---,False,False,---,uploads\vehicles\veh_0117a9f7.jpg
2025-11-14 16:51:14,car,blue,LP3O,False,False,---,uploads\vehicles\veh_ae7f3f26.jpg
2025-11-14 16:51:15,vehicle,blue,---,False,False,---,uploads\vehicles\veh_6e066ffd.jpg
2025-11-14 16:51:16,truck,green,---,False,False,---,uploads\vehicles\veh_6d037a97.jpg
2025-11-14 16:51:17,car,white,MO3384,False,False,---,uploads\vehicles\veh_9b532b04.jpg
2025-11-14 16:51:18,car,white,---,False,False,---,uploads\vehicles\veh_178778ef.jpg
2025-11-14 16:51:18,car,blue,---,False,False,---,uploads\vehicles\veh_13ab90aa.jpg
2025-11-14 16:51:19,car,white,---,False,False,---,uploads\vehicles\veh_5db1cd0b.jpg
2025-11-14 16:51:20,vehicle,blue,---,False,False,---,uploads\vehicles\veh_c64bf910.jpg
2025-11-14 16:51:21,vehicle,blue,---,False,False,---,uploads\vehicles\veh_eace4ec8.jpg
2025-11-14 16:51:21,car,green,---,False,False,---,uploads\vehicles\veh_f9d28237.jpg
2025-11-14 16:51:23,car,white,DMO33J4,False,False,---,uploads\vehicles\veh_c8fef44a.jpg
2025-11-14 16:51:25,car,blue,---,False,False,---,uploads\vehicles\veh_8e95a043.jpg
2025-11-14 16:51:27,car,white,---,False,False,---,uploads\vehicles\veh_b36396cf.jpg
2025-11-14 16:51:29,motorcycle,orange,---,False,False,---,uploads\vehicles\veh_e199c874.jpg
2025-11-14 16:51:30,vehicle,black,---,False,False,---,uploads\vehicles\veh_9c9b9828.jpg
2025-11-14 16:51:31,vehicle,blue,---,False,False,---,uploads\vehicles\veh_6a98a0c7.jpg
2025-11-14 16:51:32,car,white,JO3334,False,False,---,uploads\vehicles\veh_7a48c1c2.jpg
2025-11-14 16:51:33,car,blue,---,False,False,---,uploads\vehicles\veh_51fcebc6.jpg
2025-11-14 16:51:33,car,blue,---,False,False,---,uploads\vehicles\veh_caa3bae2.jpg
2025-11-14 16:51:34,motorcycle,green,---,False,False,---,uploads\vehicles\veh_335b804c.jpg
2025-11-14 16:51:34,car,blue,---,False,False,---,uploads\vehicles\veh_e114d317.jpg
2025-11-14 16:51:35,vehicle,blue,---,False,False,---,uploads\vehicles\veh_9fb9793d.jpg
2025-11-14 16:51:36,car,white,MIOJ334,False,False,---,uploads\vehicles\veh_ce8a22e4.jpg
2025-11-14 16:51:37,car,blue,---,False,False,---,uploads\vehicles\veh_edf16a35.jpg
2025-11-14 16:51:37,motorcycle,black,---,False,False,---,uploads\vehicles\veh_baeb5570.jpg
2025-11-14 16:51:37,motorcycle,black,---,False,False,---,uploads\vehicles\veh_57d3e98c.jpg
2025-11-14 16:51:38,vehicle,green,---,False,False,---,uploads\vehicles\veh_38153571.jpg
2025-11-14 16:51:39,car,white,NJIO3334,False,False,---,uploads\vehicles\veh_24764199.jpg
2025-11-14 16:51:40,car,green,---,False,False,---,uploads\vehicles\veh_5eb37b85.jpg
2025-11-14 16:51:40,motorcycle,black,---,False,False,---,uploads\vehicles\veh_7dcd42f4.jpg
2025-11-14 16:51:41,bus,green,---,False,False,---,uploads\vehicles\veh_fc427529.jpg
2025-11-14 16:51:42,car,white,NJIO3334,False,False,---,uploads\vehicles\veh_cb1d5a52.jpg
2025-11-14 16:51:43,car,green,---,False,False,---,uploads\vehicles\veh_4529a3e9.jpg
2025-11-14 16:51:43,motorcycle,black,---,False,False,---,uploads\vehicles\veh_8ee87df9.jpg
2025-11-14 16:51:44,bus,green,---,False,False,---,uploads\vehicles\veh_05e74207.jpg
2025-11-14 16:51:45,car,white,NJIO3334,False,False,---,uploads\vehicles\veh_457913fa.jpg
2025-11-14 16:51:46,car,white,AR3LALS5,False,False,---,uploads\vehicles\veh_9cde910f.jpg
2025-11-14 16:51:47,motorcycle,black,---,False,False,---,uploads\vehicles\veh_9febf998.jpg
2025-11-14 16:51:48,car,white,APJIO3334,False,False,---,uploads\vehicles\veh_f305cf38.jpg
2025-11-14 16:51:48,car,white,APZIA,False,False,---,uploads\vehicles\veh_ad663a41.jpg
2025-11-14 16:51:49,motorcycle,green,---,False,False,---,uploads\vehicles\veh_07ace62e.jpg
2025-11-14 16:51:50,car,white,APJICP3334,True,False,---,uploads\vehicles\veh_a739c5bc.jpg
2025-11-14 16:51:51,truck,white,43INJG53,False,False,---,uploads\vehicles\veh_534c8d33.jpg
2025-11-14 16:51:51,car,green,---,False,False,---,uploads\vehicles\veh_54a2e2ce.jpg
2025-11-14 16:51:52,car,green,APJIO3334,False,False,---,uploads\vehicles\veh_fa557a18.jpg
2025-11-14 16:51:53,car,white,P3AL5E,False,False,---,uploads\vehicles\veh_edd3a598.jpg
2025-11-14 16:51:53,car,orange,---,False,False,---,uploads\vehicles\veh_0e37eaa9.jpg
2025-11-14 16:51:53,car,green,---,False,False,---,uploads\vehicles\veh_3c306a28.jpg
2025-11-14 16:51:55,car,white,APJIO3334,False,False,---,uploads\vehicles\veh_34953480.jpg
2025-11-14 16:51:55,car,white,---,False,False,---,uploads\vehicles\veh_6cc553cc.jpg
2025-11-14 16:51:55,car,orange,---,False,False,---,uploads\vehicles\veh_94fad8da.jpg
2025-11-14 16:51:56,car,blue,---,False,False,---,uploads\vehicles\veh_a83954c3.jpg
2025-11-14 16:51:56,car,white,---,False,False,---,uploads\vehicles\veh_29839b0e.jpg
2025-11-14 16:51:57,car,white,ICP3334,False,False,---,uploads\vehicles\veh_cfac1d3b.jpg
2025-11-14 16:51:58,car,blue,---,False,False,---,uploads\vehicles\veh_26eed117.jpg
2025-11-14 16:51:58,car,white,---,False,False,---,uploads\vehicles\veh_0aacde3c.jpg
2025-11-14 16:51:58,car,blue,---,False,False,---,uploads\vehicles\veh_efa24781.jpg
2025-11-14 16:51:59,car,blue,AP3900726,False,False,---,uploads\vehicles\veh_35fff965.jpg
2025-11-14 16:52:00,car,green,AP39007264,True,False,---,uploads\vehicles\veh_89c5e0f6.jpg
2025-11-14 16:52:00,car,blue,---,False,False,---,uploads\vehicles\veh_11371c9d.jpg
2025-11-14 16:52:02,car,orange,---,False,False,---,uploads\vehicles\veh_8c952d66.jpg
2025-11-14 16:52:02,car,blue,AP39007,False,False,---,uploads\vehicles\veh_39c1a744.jpg
2025-11-14 16:52:03,car,white,---,False,False,---,uploads\vehicles\veh_82bc5f16.jpg
2025-11-14 16:52:03,car,green,---,False,False,---,uploads\vehicles\veh_9e2c7667.jpg
2025-11-14 16:52:04,car,white,---,False,False,---,uploads\vehicles\veh_361d7631.jpg
2025-11-14 16:52:05,car,orange,IUCD,False,False,---,uploads\vehicles\veh_b4021be8.jpg
2025-11-14 16:52:05,car,blue,---,False,False,---,uploads\vehicles\veh_f340f6e5.jpg
2025-11-14 16:52:06,car,blue,---,False,False,---,uploads\vehicles\veh_9337449b.jpg
2025-11-14 16:52:06,truck,green,---,False,False,---,uploads\vehicles\veh_c431a0ab.jpg
2025-11-14 16:52:07,car,white,WACD,False,False,---,uploads\vehicles\veh_45bd4bc1.jpg
2025-11-14 16:52:09,vehicle,yellow,---,False,False,---,uploads\vehicles\veh_eff999e3.jpg
2025-11-14 16:52:09,car,blue,AP39007364,True,False,---,uploads\vehicles\veh_179d97eb.jpg
2025-11-14 16:52:10,car,green,---,False,False,---,uploads\vehicles\veh_42243ae8.jpg
2025-11-14 16:52:10,car,white,---,False,False,---,uploads\vehicles\veh_8519d7cb.jpg
2025-11-14 16:52:11,truck,green,4P39007364,True,False,---,uploads\vehicles\veh_cde5d303.jpg
2025-11-14 16:52:12,car,blue,---,False,False,---,uploads\vehicles\veh_8467eb50.jpg
2025-11-14 16:52:13,car,white,MLHDI,False,False,---,uploads\vehicles\veh_cdcdd312.jpg
2025-11-14 16:52:13,vehicle,purple,---,False,False,---,uploads\vehicles\veh_f1d1d144.jpg
2025-11-14 16:52:13,motorcycle,green,---,False,False,---,uploads\vehicles\veh_8235750f.jpg
2025-11-14 16:52:15,car,blue,AP39007364,True,False,---,uploads\vehicles\veh_8edc76fa.jpg
2025-11-14 16:52:15,car,blue,---,False,False,---,uploads\vehicles\veh_04e398b2.jpg
2025-11-14 16:52:16,car,white,09WA,False,False,---,uploads\vehicles\veh_70ba25ed.jpg
2025-11-14 16:52:16,vehicle,white,---,False,False,---,uploads\vehicles\veh_907f7d56.jpg
2025-11-14 16:52:16,motorcycle,green,---,False,False,---,uploads\vehicles\veh_d1ac9f15.jpg
2025-11-14 16:52:17,vehicle,white,---,False,False,---,uploads\vehicles\veh_58193af3.jpg
2025-11-14 16:52:18,car,blue,AP39007364,True,False,---,uploads\vehicles\veh_38be6c58.jpg
2025-11-14 16:52:18,car,white,---,False,False,---,uploads\vehicles\veh_601a48ce.jpg
2025-11-14 16:58:46,bus,black,---,False,False,---,uploads\vehicles\veh_3a44b4e4.jpg
2025-11-14 16:58:47,bus,orange,PASUI,False,False,---,uploads\vehicles\veh_a3ab858d.jpg
2025-11-14 16:58:48,truck,black,TAJJ,False,False,---,uploads\vehicles\veh_82008201.jpg
2025-11-14 16:58:49,bus,black,P35U70,False,False,---,uploads\vehicles\veh_bfe081a7.jpg
2025-11-14 16:58:52,bus,green,4P33U70,False,False,---,uploads\vehicles\veh_b51d5304.jpg
2025-11-14 16:58:53,truck,green,---,False,False,---,uploads\vehicles\veh_389e9009.jpg
2025-11-14 16:58:54,bus,green,---,False,False,---,uploads\vehicles\veh_cc480192.jpg
2025-11-14 16:58:55,bus,green,---,False,False,---,uploads\vehicles\veh_63639651.jpg
2025-11-14 16:58:55,vehicle,green,---,False,False,---,uploads\vehicles\veh_3b1bcb62.jpg
2025-11-14 16:58:55,truck,green,---,False,False,---,uploads\vehicles\veh_8fd233c6.jpg
2025-11-14 16:58:56,truck,green,---,False,False,---,uploads\vehicles\veh_b7e392d5.jpg
2025-11-14 16:58:57,motorcycle,white,0026,False,False,---,uploads\vehicles\veh_55ad8680.jpg
2025-11-14 16:58:57,motorcycle,green,---,False,False,---,uploads\vehicles\veh_dade6dbe.jpg
2025-11-14 16:58:58,truck,green,---,False,False,---,uploads\vehicles\veh_4731484b.jpg
2025-11-14 16:58:58,vehicle,green,---,False,False,---,uploads\vehicles\veh_65d067ca.jpg
2025-11-14 16:58:59,motorcycle,blue,---,False,False,---,uploads\vehicles\veh_8dc335d4.jpg
2025-11-14 16:59:00,bus,green,050989,False,False,---,uploads\vehicles\veh_655f2190.jpg
2025-11-14 16:59:00,vehicle,purple,---,False,False,---,uploads\vehicles\veh_caa0c617.jpg
2025-11-14 16:59:00,vehicle,green,---,False,False,---,uploads\vehicles\veh_ce6a9461.jpg
2025-11-14 16:59:01,motorcycle,green,---,False,False,---,uploads\vehicles\veh_c1fd9d90.jpg
2025-11-14 16:59:01,car,white,0909,False,False,---,uploads\vehicles\veh_2d7f9fb4.jpg
2025-11-14 16:59:02,truck,blue,---,False,False,---,uploads\vehicles\veh_67ed20f8.jpg
2025-11-14 16:59:03,truck,yellow,---,False,False,---,uploads\vehicles\veh_3a756554.jpg
2025-11-14 16:59:03,vehicle,purple,---,False,False,---,uploads\vehicles\veh_e2580f32.jpg
2025-11-14 16:59:03,vehicle,black,---,False,False,---,uploads\vehicles\veh_e4c9762a.jpg
2025-11-14 16:59:04,motorcycle,purple,---,False,False,---,uploads\vehicles\veh_1db13c3f.jpg
2025-11-14 16:59:04,car,white,AP3S09819,False,False,---,uploads\vehicles\veh_b248da77.jpg
2025-11-14 16:59:05,car,green,---,False,False,---,uploads\vehicles\veh_8e5d99cd.jpg
2025-11-14 16:59:06,vehicle,black,---,False,False,---,uploads\vehicles\veh_c8b9fdeb.jpg
2025-11-14 16:59:06,vehicle,green,---,False,False,---,uploads\vehicles\veh_8bd59bf1.jpg
2025-11-14 16:59:06,motorcycle,orange,---,False,False,---,uploads\vehicles\veh_31e54f71.jpg
2025-11-14 16:59:07,car,white,AP35P9019,False,False,---,uploads\vehicles\veh_ed9aade0.jpg
2025-11-14 16:59:08,car,blue,J64,False,False,---,uploads\vehicles\veh_47c30376.jpg
2025-11-14 16:59:08,vehicle,blue,---,False,False,---,uploads\vehicles\veh_3a91aa6c.jpg
2025-11-14 16:59:09,vehicle,green,---,False,False,---,uploads\vehicles\veh_d753b8a3.jpg
2025-11-14 16:59:09,motorcycle,black,---,False,False,---,uploads\vehicles\veh_e329e965.jpg
2025-11-14 16:59:10,bus,green,4P2200226,False,False,---,uploads\vehicles\veh_76630d4d.jpg
2025-11-14 16:59:10,vehicle,green,---,False,False,---,uploads\vehicles\veh_3ef58194.jpg
2025-11-14 16:59:11,vehicle,green,---,False,False,---,uploads\vehicles\veh_117fe500.jpg
2025-11-14 16:59:11,truck,green,---,False,False,---,uploads\vehicles\veh_1d4d4e19.jpg
2025-11-14 16:59:11,vehicle,white,---,False,False,---,uploads\vehicles\veh_e6a53dc6.jpg
2025-11-14 16:59:12,car,white,---,False,False,---,uploads\vehicles\veh_a7fa67a6.jpg
2025-11-14 16:59:12,vehicle,green,---,False,False,---,uploads\vehicles\veh_0696b2fe.jpg
2025-11-14 16:59:13,car,white,J4DO,False,False,---,uploads\vehicles\veh_afb74eae.jpg
2025-11-14 16:59:13,vehicle,white,---,False,False,---,uploads\vehicles\veh_0ce28700.jpg
2025-11-14 16:59:14,truck,green,---,False,False,---,uploads\vehicles\veh_b328e5f6.jpg
2025-11-14 16:59:14,vehicle,green,---,False,False,---,uploads\vehicles\veh_5bc32a11.jpg
2025-11-14 16:59:15,car,white,ROJ84,False,False,---,uploads\vehicles\veh_1b95a93b.jpg
2025-11-14 16:59:15,truck,green,0589819,False,False,---,uploads\vehicles\veh_99d024b1.jpg
2025-11-14 16:59:16,motorcycle,blue,---,False,False,---,uploads\vehicles\veh_e8974e72.jpg
2025-11-14 16:59:17,vehicle,green,---,False,False,---,uploads\vehicles\veh_fc033971.jpg
2025-11-14 16:59:17,car,white,UODJ4,False,False,---,uploads\vehicles\veh_649d3ff1.jpg
2025-11-14 16:59:18,truck,green,---,False,False,---,uploads\vehicles\veh_758004c2.jpg
2025-11-14 16:59:18,motorcycle,purple,---,False,False,---,uploads\vehicles\veh_815706d1.jpg
2025-11-14 16:59:19,motorcycle,blue,---,False,False,---,uploads\vehicles\veh_d136fb32.jpg
2025-11-14 16:59:19,vehicle,blue,---,False,False,---,uploads\vehicles\veh_fc5669a7.jpg
2025-11-14 16:59:20,car,white,YKO34,False,False,---,uploads\vehicles\veh_3b3038f5.jpg
2025-11-14 16:59:20,truck,blue,---,False,False,---,uploads\vehicles\veh_4aef9b88.jpg
2025-11-14 16:59:21,motorcycle,green,---,False,False,---,uploads\vehicles\veh_9bfabc67.jpg
2025-11-14 16:59:21,motorcycle,black,---,False,False,---,uploads\vehicles\veh_d4fe2e8a.jpg
2025-11-14 16:59:22,car,white,APJI,False,False,---,uploads\vehicles\veh_2bd57235.jpg
2025-11-14 16:59:22,vehicle,blue,---,False,False,---,uploads\vehicles\veh_24821e09.jpg
2025-11-14 16:59:23,car,white,HU384,False,False,---,uploads\vehicles\veh_a09d714b.jpg
2025-11-14 16:59:24,truck,green,---,False,False,---,uploads\vehicles\veh_21b1d630.jpg
2025-11-14 16:59:24,motorcycle,black,---,False,False,---,uploads\vehicles\veh_622cd032.jpg
2025-11-14 16:59:24,car,white,---,False,False,---,uploads\vehicles\veh_e757b12d.jpg
2025-11-14 16:59:25,car,white,---,False,False,---,uploads\vehicles\veh_f65ad153.jpg
2025-11-14 16:59:26,vehicle,blue,---,False,False,---,uploads\vehicles\veh_a818a88a.jpg
2025-11-14 16:59:26,car,white,MOJ884,False,False,---,uploads\vehicles\veh_14201d14.jpg
2025-11-14 16:59:27,truck,green,---,False,False,---,uploads\vehicles\veh_35330d94.jpg
2025-11-14 16:59:27,motorcycle,orange,---,False,False,---,uploads\vehicles\veh_bb307b1b.jpg
2025-11-14 16:59:27,car,white,---,False,False,---,uploads\vehicles\veh_4bdedb10.jpg
2025-11-14 16:59:28,car,blue,---,False,False,---,uploads\vehicles\veh_13f12eb6.jpg
2025-11-14 16:59:28,car,white,---,False,False,---,uploads\vehicles\veh_8a1ee823.jpg
2025-11-14 16:59:29,vehicle,blue,---,False,False,---,uploads\vehicles\veh_6d7f775c.jpg
2025-11-14 16:59:30,car,white,JO33341,False,False,---,uploads\vehicles\veh_388c202d.jpg
2025-11-14 16:59:30,truck,green,---,False,False,---,uploads\vehicles\veh_2029fe50.jpg
2025-11-14 16:59:30,motorcycle,green,---,False,False,---,uploads\vehicles\veh_96e199d3.jpg
2025-11-14 16:59:31,car,blue,---,False,False,---,uploads\vehicles\veh_6400918e.jpg
2025-11-14 16:59:31,car,white,---,False,False,---,uploads\vehicles\veh_bfdd8171.jpg
2025-11-14 16:59:32,vehicle,blue,---,False,False,---,uploads\vehicles\veh_c8bfdd45.jpg
2025-11-14 16:59:33,car,white,JO3334,False,False,---,uploads\vehicles\veh_6c7d1c61.jpg
2025-11-14 16:59:33,motorcycle,green,---,False,False,---,uploads\vehicles\veh_d853c83e.jpg
2025-11-14 16:59:33,car,blue,---,False,False,---,uploads\vehicles\veh_c0a606bd.jpg
2025-11-14 16:59:34,car,white,---,False,False,---,uploads\vehicles\veh_8386f2ab.jpg
2025-11-14 16:59:35,vehicle,green,---,False,False,---,uploads\vehicles\veh_fc167512.jpg
2025-11-14 16:59:35,car,white,JIA3334,False,False,---,uploads\vehicles\veh_6f661106.jpg
2025-11-14 16:59:36,motorcycle,black,---,False,False,---,uploads\vehicles\veh_ada244ce.jpg
2025-11-14 16:59:36,car,blue,---,False,False,---,uploads\vehicles\veh_ef8a0a2b.jpg
2025-11-14 16:59:37,motorcycle,green,---,False,False,---,uploads\vehicles\veh_715fddfa.jpg
2025-11-14 16:59:38,car,white,NJIO3334,False,False,---,uploads\vehicles\veh_6275adca.jpg
2025-11-14 16:59:38,motorcycle,black,---,False,False,---,uploads\vehicles\veh_b89007dc.jpg
2025-11-14 16:59:38,bus,green,---,False,False,---,uploads\vehicles\veh_a44518b5.jpg
2025-11-14 16:59:39,motorcycle,black,---,False,False,---,uploads\vehicles\veh_62806b5d.jpg
2025-11-14 16:59:40,car,white,MJIO3334,False,False,---,uploads\vehicles\veh_fe75a1b3.jpg
2025-11-14 16:59:40,bus,white,---,False,False,---,uploads\vehicles\veh_07ccd223.jpg
2025-11-14 16:59:41,car,blue,---,False,False,---,uploads\vehicles\veh_023c0102.jpg
2025-11-14 16:59:42,motorcycle,black,---,False,False,---,uploads\vehicles\veh_62907b8d.jpg
2025-11-14 16:59:43,car,white,NPJICP3334,True,False,---,uploads\vehicles\veh_33b9d470.jpg
2025-11-14 16:59:43,car,white,AP3TAASS,False,False,---,uploads\vehicles\veh_86e1bd4e.jpg
2025-11-14 16:59:45,car,white,NJIT3334,False,False,---,uploads\vehicles\veh_1d1af2a6.jpg
2025-11-14 16:59:45,car,white,4P3I94453,False,False,---,uploads\vehicles\veh_a8a9e200.jpg
2025-11-14 16:59:46,car,green,APJO3334,False,False,---,uploads\vehicles\veh_5d0561a7.jpg
2025-11-14 16:59:47,car,white,APJTAL55,False,False,---,uploads\vehicles\veh_a2ce194a.jpg
2025-11-14 16:59:48,truck,white,AP3TL55,False,False,---,uploads\vehicles\veh_f2862721.jpg
2025-11-14 16:59:49,car,white,NPJIO3334,False,False,---,uploads\vehicles\veh_d26d1aa0.jpg
2025-11-14 16:59:50,car,white,P3TELSS,False,False,---,uploads\vehicles\veh_e99b7e3e.jpg
2025-11-14 16:59:50,car,green,---,False,False,---,uploads\vehicles\veh_4945f691.jpg
2025-11-14 16:59:50,car,blue,---,False,False,---,uploads\vehicles\veh_a257987e.jpg
2025-11-14 16:59:52,car,white,APJIOP3384,True,False,---,uploads\vehicles\veh_907774b9.jpg
2025-11-14 16:59:52,truck,orange,---,False,False,---,uploads\vehicles\veh_04bbea24.jpg
2025-11-14 16:59:52,car,white,---,False,False,---,uploads\vehicles\veh_a8906bb4.jpg
2025-11-14 16:59:53,car,white,3334,False,False,---,uploads\vehicles\veh_bfd3ba25.jpg
2025-11-14 16:59:54,car,blue,---,False,False,---,uploads\vehicles\veh_a57a5784.jpg
2025-11-14 16:59:55,car,blue,AP39007,False,False,---,uploads\vehicles\veh_8afda747.jpg
2025-11-14 16:59:55,vehicle,white,---,False,False,---,uploads\vehicles\veh_7bd14502.jpg
2025-11-14 16:59:55,car,blue,4P39007364,True,False,---,uploads\vehicles\veh_054d4dfc.jpg
2025-11-14 16:59:56,car,blue,---,False,False,---,uploads\vehicles\veh_087edbf6.jpg
2025-11-14 16:59:56,car,green,---,False,False,---,uploads\vehicles\veh_fa3bdc88.jpg
2025-11-14 16:59:57,car,orange,---,False,False,---,uploads\vehicles\veh_fcc4fd2c.jpg
2025-11-14 16:59:58,car,blue,AP3641,False,False,---,uploads\vehicles\veh_0200c5c5.jpg
2025-11-14 16:59:58,car,green,---,False,False,---,uploads\vehicles\veh_29a033c0.jpg
2025-11-14 16:59:59,car,white,MKUCN,False,False,---,uploads\vehicles\veh_fd97a091.jpg
2025-11-14 16:59:59,car,green,---,False,False,---,uploads\vehicles\veh_40cd9ec8.jpg
2025-11-14 17:00:00,car,orange,---,False,False,---,uploads\vehicles\veh_799cc98e.jpg
2025-11-14 17:00:00,car,blue,---,False,False,---,uploads\vehicles\veh_215aa674.jpg
2025-11-14 17:00:01,car,blue,---,False,False,---,uploads\vehicles\veh_45b06fb6.jpg
2025-11-14 17:00:01,car,white,---,False,False,---,uploads\vehicles\veh_deff0c4f.jpg
2025-11-14 17:00:01,truck,green,---,False,False,---,uploads\vehicles\veh_42ba76a5.jpg
2025-11-14 17:00:02,vehicle,blue,---,False,False,---,uploads\vehicles\veh_b07567d4.jpg
2025-11-14 17:00:03,car,blue,4P39002364,True,False,---,uploads\vehicles\veh_384c044d.jpg
2025-11-14 17:00:03,car,blue,---,False,False,---,uploads\vehicles\veh_3bd716a5.jpg
2025-11-14 17:00:04,car,white,4EHC,False,False,---,uploads\vehicles\veh_212c2dd0.jpg
2025-11-14 17:00:05,truck,black,4P39002364,True,False,---,uploads\vehicles\veh_576ab0fd.jpg
2025-11-14 17:00:05,car,blue,---,False,False,---,uploads\vehicles\veh_6a073c65.jpg
2025-11-14 17:00:06,car,white,---,False,False,---,uploads\vehicles\veh_78ce8038.jpg
2025-11-14 17:00:06,vehicle,blue,---,False,False,---,uploads\vehicles\veh_eb214677.jpg
2025-11-14 17:00:07,car,blue,4P39002364,True,False,---,uploads\vehicles\veh_39e63578.jpg
2025-11-14 17:00:08,car,blue,AP39007364,True,False,---,uploads\vehicles\veh_ce84d343.jpg
2025-11-14 17:00:08,vehicle,blue,---,False,False,---,uploads\vehicles\veh_b3f71c6e.jpg
2025-11-14 17:00:08,motorcycle,green,---,False,False,---,uploads\vehicles\veh_cd8c6b10.jpg
2025-11-14 17:00:09,motorcycle,green,---,False,False,---,uploads\vehicles\veh_1e932c78.jpg
2025-11-14 17:00:09,vehicle,white,---,False,False,---,uploads\vehicles\veh_5f890766.jpg
2025-11-14 17:00:10,car,blue,AP39007264,True,False,---,uploads\vehicles\veh_6804599d.jpg
2025-11-14 17:00:11,vehicle,green,---,False,False,---,uploads\vehicles\veh_d9731c9c.jpg
2025-11-14 17:00:11,motorcycle,green,---,False,False,---,uploads\vehicles\veh_bdf07619.jpg
2025-11-14 17:00:11,vehicle,white,---,False,False,---,uploads\vehicles\veh_329e51da.jpg
2025-11-14 17:00:12,car,white,---,False,False,---,uploads\vehicles\veh_de0bef0b.jpg
2025-11-14 17:00:13,car,blue,AP39007364,True,False,---,uploads\vehicles\veh_290184e0.jpg
2025-11-14 17:00:13,vehicle,purple,---,False,False,---,uploads\vehicles\veh_8090577f.jpg
2025-11-14 17:00:14,motorcycle,green,---,False,False,---,uploads\vehicles\veh_485bcab4.jpg
2025-11-14 17:00:14,vehicle,white,---,False,False,---,uploads\vehicles\veh_840962f5.jpg
2025-11-14 17:00:14,car,blue,---,False,False,---,uploads\vehicles\veh_ad4cd313.jpg
2025-11-14 17:00:15,car,blue,AP39007364,True,False,---,uploads\vehicles\veh_7c5cadcd.jpg
2025-11-14 17:00:16,vehicle,black,---,False,False,---,uploads\vehicles\veh_abfb5b3a.jpg
2025-11-14 17:00:16,motorcycle,green,---,False,False,---,uploads\vehicles\veh_28c3ad64.jpg
2025-11-14 17:00:16,vehicle,white,---,False,False,---,uploads\vehicles\veh_5a6b5491.jpg
2025-11-14 17:00:18,car,blue,AP39007364,True,False,---,uploads\vehicles\veh_5a3f9c26.jpg
2025-11-14 17:00:18,vehicle,black,---,False,False,---,uploads\vehicles\veh_5da10a33.jpg
2025-11-14 17:00:18,motorcycle,white,---,False,False,---,uploads\vehicles\veh_0143a864.jpg
2025-11-14 17:00:18,vehicle,white,---,False,False,---,uploads\vehicles\veh_8b6cbeea.jpg
2025-11-14 17:00:19,vehicle,white,---,False,False,---,uploads\vehicles\veh_b6efb0e5.jpg
2025-11-14 17:00:20,car,blue,AP39007364,True,False,---,uploads\vehicles\veh_08f7efc8.jpg
2025-11-14 17:00:20,vehicle,green,---,False,False,---,uploads\vehicles\veh_f512cd47.jpg
2025-11-14 17:00:21,car,green,---,False,False,---,uploads\vehicles\veh_305a3a8e.jpg
2025-11-14 17:00:21,vehicle,white,---,False,False,---,uploads\vehicles\veh_0bd8c909.jpg
2025-11-14 17:00:22,vehicle,white,LEC,False,False,---,uploads\vehicles\veh_549b73ff.jpg
2025-11-14 17:00:22,motorcycle,orange,---,False,False,---,uploads\vehicles\veh_8f5ff478.jpg
2025-11-14 17:00:23,truck,black,AP39007364,True,False,---,uploads\vehicles\veh_91697a9d.jpg
2025-11-14 17:00:23,vehicle,black,---,False,False,---,uploads\vehicles\veh_c3a01148.jpg
2025-11-14 17:00:24,car,green,YOTAENNE,False,False,---,uploads\vehicles\veh_035acbe5.jpg
2025-11-14 17:00:24,vehicle,white,---,False,False,---,uploads\vehicles\veh_5fd214e4.jpg
2025-11-14 17:00:25,motorcycle,green,---,False,False,---,uploads\vehicles\veh_c189df56.jpg
2025-11-14 17:00:26,car,black,9007364,False,False,---,uploads\vehicles\veh_af9a6791.jpg
2025-11-14 17:00:27,car,green,TCITKOTE,False,False,---,uploads\vehicles\veh_b4d54555.jpg
2025-11-14 17:00:27,vehicle,green,---,False,False,---,uploads\vehicles\veh_bf236911.jpg
2025-11-14 17:00:27,motorcycle,green,---,False,False,---,uploads\vehicles\veh_389e6ba2.jpg
2025-11-14 17:00:28,vehicle,white,---,False,False,---,uploads\vehicles\veh_794d493c.jpg
2025-11-14 17:00:29,car,black,---,False,False,---,uploads\vehicles\veh_32d69e63.jpg
2025-11-14 17:00:30,car,green,0605FF31H64PR,False,False,---,uploads\vehicles\veh_5be7acc3.jpg
2025-11-14 17:00:30,motorcycle,white,---,False,False,---,uploads\vehicles\veh_ac724957.jpg
2025-11-14 17:00:31,motorcycle,green,---,False,False,---,uploads\vehicles\veh_0fc7107b.jpg
2025-11-14 17:00:31,truck,black,---,False,False,---,uploads\vehicles\veh_a8f97634.jpg
2025-11-14 17:00:31,vehicle,white,---,False,False,---,uploads\vehicles\veh_20ec5e4d.jpg
2025-11-14 17:00:32,truck,green,---,False,False,---,uploads\vehicles\veh_495c81eb.jpg
2025-11-14 17:00:33,car,green,APROEKHIAG,True,False,---,uploads\vehicles\veh_22f67569.jpg
2025-11-14 17:00:33,motorcycle,white,---,False,False,---,uploads\vehicles\veh_bdad50c1.jpg
2025-11-14 17:00:34,car,black,---,False,False,---,uploads\vehicles\veh_8087ff75.jpg
2025-11-14 17:00:34,vehicle,white,---,False,False,---,uploads\vehicles\veh_3eb96467.jpg
2025-11-14 17:00:34,truck,green,---,False,False,---,uploads\vehicles\veh_563983f4.jpg
2025-11-14 17:00:35,car,green,---,False,False,---,uploads\vehicles\veh_9f49e660.jpg
2025-11-14 17:00:36,motorcycle,white,---,False,False,---,uploads\vehicles\veh_b7c91ded.jpg
2025-11-14 17:00:36,truck,green,---,False,False,---,uploads\vehicles\veh_aa6fecdd.jpg
2025-11-14 17:00:36,vehicle,white,---,False,False,---,uploads\vehicles\veh_be44385c.jpg
2025-11-14 17:00:37,truck,green,---,False,False,---,uploads\vehicles\veh_59f8fc1b.jpg
2025-11-14 17:00:37,car,blue,---,False,False,---,uploads\vehicles\veh_be1952fc.jpg
2025-11-14 17:00:38,motorcycle,green,---,False,False,---,uploads\vehicles\veh_973ef0c2.jpg
2025-11-14 17:00:38,car,black,---,False,False,---,uploads\vehicles\veh_8ed474bc.jpg
2025-11-14 17:00:38,vehicle,white,---,False,False,---,uploads\vehicles\veh_e5317734.jpg
2025-11-14 17:00:39,truck,green,---,False,False,---,uploads\vehicles\veh_aaad5f30.jpg
2025-11-14 17:00:40,vehicle,white,---,False,False,---,uploads\vehicles\veh_931c6dc6.jpg
2025-11-14 17:00:40,motorcycle,green,---,False,False,---,uploads\vehicles\veh_30af5fa2.jpg
2025-11-14 17:00:40,truck,black,---,False,False,---,uploads\vehicles\veh_d870a5ca.jpg
2025-11-14 17:00:41,truck,green,AP39US876,False,False,---,uploads\vehicles\veh_7576fb9a.jpg
2025-11-14 17:00:41,vehicle,blue,---,False,False,---,uploads\vehicles\veh_d91d2200.jpg
2025-11-14 17:00:41,motorcycle,white,---,False,False,---,uploads\vehicles\veh_330ac395.jpg
2025-11-14 17:00:42,vehicle,white,---,False,False,---,uploads\vehicles\veh_d341ccf7.jpg
2025-11-14 17:00:43,motorcycle,green,---,False,False,---,uploads\vehicles\veh_89c4bc13.jpg
2025-11-14 17:00:43,motorcycle,yellow,---,False,False,---,uploads\vehicles\veh_52f2e9ee.jpg
2025-11-14 17:00:43,truck,green,4839U5826,False,False,---,uploads\vehicles\veh_f181af54.jpg
2025-11-14 17:00:44,motorcycle,white,---,False,False,---,uploads\vehicles\veh_76a0e456.jpg
2025-11-14 17:00:44,vehicle,white,---,False,False,---,uploads\vehicles\veh_3b85eda2.jpg
2025-11-14 17:00:45,vehicle,orange,---,False,False,---,uploads\vehicles\veh_a6c41a31.jpg
2025-11-14 17:00:45,motorcycle,white,---,False,False,---,uploads\vehicles\veh_eac60daa.jpg
2025-11-14 17:00:46,truck,green,AP39US876,False,False,---,uploads\vehicles\veh_2c400cb7.jpg
2025-11-14 17:00:46,motorcycle,white,---,False,False,---,uploads\vehicles\veh_449c9eb8.jpg
2025-11-14 17:00:46,vehicle,white,---,False,False,---,uploads\vehicles\veh_21f8fe2e.jpg
2025-11-14 17:00:47,car,green,---,False,False,---,uploads\vehicles\veh_bcfd388b.jpg
2025-11-14 17:00:47,truck,green,---,False,False,---,uploads\vehicles\veh_f4bbcc36.jpg
2025-11-14 17:00:48,vehicle,green,---,False,False,---,uploads\vehicles\veh_1e2fd53b.jpg
2025-11-14 17:00:48,vehicle,white,---,False,False,---,uploads\vehicles\veh_5c4c14cb.jpg
2025-11-14 17:00:50,car,blue,01DIETELTULIAHJTG05,False,False,---,uploads\vehicles\veh_05fbd369.jpg
2025-11-14 17:00:50,truck,green,---,False,False,---,uploads\vehicles\veh_1b4ef223.jpg
2025-11-14 17:00:51,vehicle,white,---,False,False,---,uploads\vehicles\veh_d18597c0.jpg
2025-11-14 17:00:51,vehicle,purple,---,False,False,---,uploads\vehicles\veh_1dba8d26.jpg
2025-11-14 17:00:52,truck,blue,VELTUEYAP4OERNOOEG05LIKI,False,False,---,uploads\vehicles\veh_69998d74.jpg
2025-11-14 17:00:54,car,blue,AM3WRAP40EK3186,False,False,---,uploads\vehicles\veh_18769357.jpg
2025-11-14 17:00:54,vehicle,yellow,W,False,False,---,uploads\vehicles\veh_04c855b7.jpg
2025-11-14 17:00:55,vehicle,white,---,False,False,---,uploads\vehicles\veh_ba695904.jpg
2025-11-14 17:00:55,vehicle,purple,---,False,False,---,uploads\vehicles\veh_5f3cfc89.jpg
2025-11-14 17:00:56,truck,blue,IIDIEGAAAP40EK3186,False,False,---,uploads\vehicles\veh_da56fda0.jpg
2025-11-14 17:00:57,motorcycle,green,---,False,False,---,uploads\vehicles\veh_d6c3523f.jpg
2025-11-14 17:00:58,vehicle,white,AA,False,False,---,uploads\vehicles\veh_a5671a3e.jpg
2025-11-14 17:00:59,car,blue,OTGOIIUIZ166IIAP4OEK3186,False,False,---,uploads\vehicles\veh_4e6a8aed.jpg
2025-11-14 17:00:59,vehicle,purple,---,False,False,---,uploads\vehicles\veh_d825fa82.jpg
2025-11-14 17:01:00,vehicle,green,---,False,False,---,uploads\vehicles\veh_cba8dc10.jpg
2025-11-14 17:01:01,motorcycle,white,---,False,False,---,uploads\vehicles\veh_b4a42132.jpg
2025-11-14 17:01:01,vehicle,white,---,False,False,---,uploads\vehicles\veh_a3c9b9b4.jpg
2025-11-14 17:01:02,car,blue,OSGOZDDIZJIVTCAEDAP40EK3186,False,False,---,uploads\vehicles\veh_855b22f1.jpg
2025-11-14 17:01:03,vehicle,blue,---,False,False,---,uploads\vehicles\veh_d4621b00.jpg
2025-11-14 17:01:03,truck,orange,---,False,False,---,uploads\vehicles\veh_629d2504.jpg
2025-11-14 17:01:04,vehicle,white,---,False,False,---,uploads\vehicles\veh_330a7e45.jpg
2025-11-14 17:01:05,truck,blue,OSGODLZI7JIUTOAEAP40EK3186,False,False,---,uploads\vehicles\veh_a2d74848.jpg
2025-11-14 17:01:06,motorcycle,white,---,False,False,---,uploads\vehicles\veh_e7e5574d.jpg
2025-11-14 17:01:07,bus,green,OIGOIDLTTICIGHIETIAP4OEK3136,False,False,---,uploads\vehicles\veh_9c5c9080.jpg
2025-11-14 17:01:08,truck,yellow,---,False,False,---,uploads\vehicles\veh_35e54c4d.jpg
2025-11-14 17:01:09,truck,blue,OUGOIIDLTTJILIGUEETAP40EK3186,False,False,---,uploads\vehicles\veh_1478037b.jpg
2025-11-14 17:01:09,vehicle,white,---,False,False,---,uploads\vehicles\veh_cc64d2cf.jpg
2025-11-14 17:01:10,motorcycle,white,---,False,False,---,uploads\vehicles\veh_1d181a3b.jpg
2025-11-14 17:01:11,truck,blue,OEGOIDILIHELGEIUYAP40EK3186,False,False,---,uploads\vehicles\veh_7e48ce21.jpg
2025-11-14 17:01:13,car,blue,OEGOVDIEHCLGHIUAP0EK3186,False,False,---,uploads\vehicles\veh_ab95d95c.jpg
2025-11-14 17:01:15,truck,green,OVGOVIDUIYMSIRGF4I75SAPROEK3186,False,False,---,uploads\vehicles\veh_784e59a1.jpg
2025-11-14 17:01:16,car,blue,ONGOVIDUIYMSIN4I7SAPROEK3186,False,False,---,uploads\vehicles\veh_2e4a51ce.jpg
2025-11-14 17:01:17,vehicle,white,---,False,False,---,uploads\vehicles\veh_8fa41a28.jpg
2025-11-14 17:01:19,truck,blue,OIGOVIDUIYMNSTEIOFFALMIAP4OEK3186,False,False,---,uploads\vehicles\veh_cf69fc39.jpg
2025-11-14 17:01:21,truck,blue,ONDUTYAISIRZOFEGOVTRIILIQTS,False,False,---,uploads\vehicles\veh_0a7efe49.jpg
2025-11-14 17:01:22,truck,blue,Y,False,False,---,uploads\vehicles\veh_a398a178.jpg
2025-11-14 17:01:22,truck,green,---,False,False,---,uploads\vehicles\veh_37f38f4d.jpg
2025-11-14 17:01:23,vehicle,orange,---,False,False,---,uploads\vehicles\veh_9a2b3aab.jpg
2025-11-14 17:01:24,truck,green,---,False,False,---,uploads\vehicles\veh_bdd05d89.jpg
2025-11-14 17:01:25,truck,orange,---,False,False,---,uploads\vehicles\veh_a5ec9bf0.jpg
2025-11-14 17:01:25,truck,blue,---,False,False,---,uploads\vehicles\veh_87a377d3.jpg
2025-11-14 17:01:26,car,green,---,False,False,---,uploads\vehicles\veh_6bdddadd.jpg
2025-11-14 17:01:26,vehicle,orange,---,False,False,---,uploads\vehicles\veh_fac3f27c.jpg
2025-11-14 17:01:27,car,orange,---,False,False,---,uploads\vehicles\veh_9fbb3d07.jpg
2025-11-14 17:01:28,car,white,ADS,False,False,---,uploads\vehicles\veh_3bdc8d28.jpg
2025-11-14 17:01:28,car,green,---,False,False,---,uploads\vehicles\veh_5c95f4f4.jpg
2025-11-14 17:01:29,car,white,---,False,False,---,uploads\vehicles\veh_7511efbf.jpg
2025-11-14 17:01:29,vehicle,orange,---,False,False,---,uploads\vehicles\veh_c9680ec4.jpg
2025-11-14 17:01:30,car,white,VIUZJ,False,False,---,uploads\vehicles\veh_930060da.jpg
2025-11-14 17:01:31,truck,yellow,---,False,False,---,uploads\vehicles\veh_830238b4.jpg
2025-11-14 17:01:31,vehicle,black,---,False,False,---,uploads\vehicles\veh_a627794d.jpg
2025-11-14 17:01:32,car,blue,UPULMIZ,False,False,---,uploads\vehicles\veh_eb0847cf.jpg
2025-11-14 17:01:32,motorcycle,purple,---,False,False,---,uploads\vehicles\veh_9c97c13d.jpg
2025-11-14 17:01:33,truck,green,---,False,False,---,uploads\vehicles\veh_4a811323.jpg
2025-11-14 17:01:33,vehicle,purple,---,False,False,---,uploads\vehicles\veh_eb4732fe.jpg
2025-11-14 17:01:34,car,white,1A0E4O029,False,False,---,uploads\vehicles\veh_6e820b0c.jpg
2025-11-14 17:01:35,motorcycle,purple,---,False,False,---,uploads\vehicles\veh_2677ebb7.jpg
2025-11-14 17:01:35,truck,green,---,False,False,---,uploads\vehicles\veh_893eacc6.jpg
2025-11-14 17:01:35,vehicle,purple,---,False,False,---,uploads\vehicles\veh_0557b2dd.jpg
2025-11-14 17:01:36,car,white,AP39,False,False,---,uploads\vehicles\veh_381bcc1e.jpg
2025-11-14 17:01:36,vehicle,white,---,False,False,---,uploads\vehicles\veh_d8d7db16.jpg
2025-11-14 17:01:37,car,white,I100Z95Z08,True,False,---,uploads\vehicles\veh_c551e59e.jpg
2025-11-14 17:01:38,motorcycle,purple,---,False,False,---,uploads\vehicles\veh_a64a0ddf.jpg
2025-11-14 17:01:38,truck,blue,---,False,False,---,uploads\vehicles\veh_90ed483d.jpg
2025-11-14 17:01:38,vehicle,purple,---,False,False,---,uploads\vehicles\veh_9ae7e840.jpg
2025-11-14 17:01:39,car,white,AP39FF,False,False,---,uploads\vehicles\veh_b8fac609.jpg
2025-11-14 17:01:39,car,blue,---,False,False,---,uploads\vehicles\veh_9f5ae55c.jpg
2025-11-14 17:01:40,car,blue,2PK0JIOZ,False,False,---,uploads\vehicles\veh_e3eb07bc.jpg
2025-11-14 17:01:41,motorcycle,blue,---,False,False,---,uploads\vehicles\veh_9b5f30bf.jpg
2025-11-14 17:01:41,truck,green,---,False,False,---,uploads\vehicles\veh_e5ae82c3.jpg
2025-11-14 17:01:41,vehicle,blue,---,False,False,---,uploads\vehicles\veh_5966b070.jpg
2025-11-14 17:01:42,car,white,AP39FF039,False,False,---,uploads\vehicles\veh_c13bdcb9.jpg
2025-11-14 17:01:42,car,blue,---,False,False,---,uploads\vehicles\veh_5216a3f7.jpg
2025-11-14 17:01:43,car,white,IPJZ,False,False,---,uploads\vehicles\veh_002f8a83.jpg
2025-11-14 17:01:44,motorcycle,purple,---,False,False,---,uploads\vehicles\veh_d91800fc.jpg
2025-11-14 17:01:44,truck,blue,---,False,False,---,uploads\vehicles\veh_25b628c5.jpg
2025-11-14 17:01:44,vehicle,purple,---,False,False,---,uploads\vehicles\veh_5c71b2d3.jpg
2025-11-14 17:01:45,car,white,AP39FF0399,True,True,AP,uploads\vehicles\veh_5386521f.jpg
2025-11-14 17:01:45,car,blue,---,False,False,---,uploads\vehicles\veh_34c1b860.jpg
2025-11-14 17:01:46,car,white,---,False,False,---,uploads\vehicles\veh_59d62453.jpg
2025-11-14 17:01:47,motorcycle,blue,---,False,False,---,uploads\vehicles\veh_dfd7296c.jpg
2025-11-14 17:01:47,truck,purple,---,False,False,---,uploads\vehicles\veh_641709b6.jpg
2025-11-14 17:01:50,vehicle,purple,---,False,False,---,uploads\vehicles\veh_5280ceed.jpg
2025-11-14 17:01:51,car,white,AP39FF0399,True,True,AP,uploads\vehicles\veh_533d2abe.jpg
2025-11-14 17:01:52,car,green,---,False,False,---,uploads\vehicles\veh_0a974d4a.jpg
2025-11-14 17:01:54,car,blue,---,False,False,---,uploads\vehicles\veh_719c0b75.jpg
2025-11-14 17:01:54,motorcycle,blue,---,False,False,---,uploads\vehicles\veh_15d60260.jpg
2025-11-14 17:01:55,vehicle,purple,---,False,False,---,uploads\vehicles\veh_4f4b5447.jpg
2025-11-14 17:01:56,car,white,AP39FF0399,True,True,AP,uploads\vehicles\veh_cc42884c.jpg
2025-11-14 17:01:56,car,purple,---,False,False,---,uploads\vehicles\veh_474b2b87.jpg
2025-11-14 17:01:57,car,blue,---,False,False,---,uploads\vehicles\veh_6439799d.jpg
2025-11-14 17:01:58,motorcycle,black,---,False,False,---,uploads\vehicles\veh_4b7ec8bc.jpg
2025-11-14 17:01:58,vehicle,black,---,False,False,---,uploads\vehicles\veh_800cb9a2.jpg
2025-11-14 17:01:59,car,white,AP39FF0399,True,True,AP,uploads\vehicles\veh_163cac8d.jpg
2025-11-14 17:01:59,truck,blue,---,False,False,---,uploads\vehicles\veh_0004f987.jpg
2025-11-14 17:01:59,vehicle,white,---,False,False,---,uploads\vehicles\veh_868fad35.jpg
2025-11-14 17:02:00,car,green,---,False,False,---,uploads\vehicles\veh_dd580d41.jpg
2025-11-14 17:02:01,car,blue,---,False,False,---,uploads\vehicles\veh_98eb84d2.jpg
2025-11-14 17:02:01,motorcycle,black,---,False,False,---,uploads\vehicles\veh_bac35e60.jpg
2025-11-14 17:02:01,vehicle,black,---,False,False,---,uploads\vehicles\veh_64470557.jpg
2025-11-14 17:02:02,car,white,AP39FF0399,True,True,AP,uploads\vehicles\veh_2a66f581.jpg
2025-11-14 17:02:03,vehicle,black,---,False,False,---,uploads\vehicles\veh_b552347a.jpg
2025-11-14 17:02:03,vehicle,yellow,---,False,False,---,uploads\vehicles\veh_3c1c2bb3.jpg
2025-11-14 17:02:05,car,white,AP39FFO399,True,False,---,uploads\vehicles\veh_2f7bbd02.jpg
2025-11-14 17:02:05,vehicle,yellow,---,False,False,---,uploads\vehicles\veh_2fda1636.jpg
2025-11-14 17:02:06,truck,blue,---,False,False,---,uploads\vehicles\veh_d5d2efd5.jpg
